------------------ USER Data ------------------

-- Dummy data for User Table
-- Default password: 123456
INSERT INTO user (user_id, password, username, role) VALUES (100001,'$2a$10$B4FvjVc2oXqDTFdGGZjT5urzHS6TSdzrQ7p/vFi1rUuZgjXR4.m5K', 'admin@gmail.com', 'Admin');
INSERT INTO user (user_id, password, username, role) VALUES (100002,'$2a$10$B4FvjVc2oXqDTFdGGZjT5urzHS6TSdzrQ7p/vFi1rUuZgjXR4.m5K', 'coley', 'User');
INSERT INTO user (user_id, password, username, role) VALUES (100003,'$2a$10$B4FvjVc2oXqDTFdGGZjT5urzHS6TSdzrQ7p/vFi1rUuZgjXR4.m5K', 'simphiwe', 'User');
INSERT INTO user (user_id, password, username, role) VALUES (100004,'$2a$10$B4FvjVc2oXqDTFdGGZjT5urzHS6TSdzrQ7p/vFi1rUuZgjXR4.m5K', 'user1', 'User');
INSERT INTO user (user_id, password, username, role) VALUES (100005,'$2a$10$B4FvjVc2oXqDTFdGGZjT5urzHS6TSdzrQ7p/vFi1rUuZgjXR4.m5K', 'user2', 'User');
INSERT INTO user (user_id, password, username, role) VALUES (100006,'$2a$10$B4FvjVc2oXqDTFdGGZjT5urzHS6TSdzrQ7p/vFi1rUuZgjXR4.m5K', 'user3', 'User');

-- Dummy data for Address
INSERT INTO address (address_id, area, city, pincode, state) VALUES (100001,'Union Street','Glenvista','2196','Pretoria');
INSERT INTO address (address_id, area, city, pincode, state) VALUES (100002,'Lynton Road','Oakdene','2190','Johannesburg');
INSERT INTO address (address_id, area, city, pincode, state) VALUES (100003,'Laras Place','CBD','2001','Johannesburg');
INSERT INTO address (address_id, area, city, pincode, state) VALUES (100004,'Monis','CBD','2001','Johannesburg');
INSERT INTO address (address_id, area, city, pincode, state) VALUES (100005,'135 Jeppe Street','CBD','2001','Johannesburg');
INSERT INTO address (address_id, area, city, pincode, state) VALUES (100006,'West Fork Drive','CBD','2001','Johannesburg');

-- Dummy data for User detail
INSERT INTO user_details (user_details_id, first_name, last_name, designation, dob, email_id, gender, phone_no, security_question, security_answer, address_id) VALUES (100001, 'Mandlenkosi', 'Khumalo', 'Administrator', '1999-05-14', 'khumzzz@gmail.com', 'Male', '8419969059', 'Default Question', 'answer', 100001);
INSERT INTO user_details (user_details_id, first_name, last_name, designation, dob, email_id, gender, phone_no, security_question, security_answer, address_id) VALUES (100002, 'Coley', 'Zeph', 'Sales Manager', '1997-12-12', 'coley@mail.com', 'Male', '9876543210', 'Default Question', 'answer', 100002);
INSERT INTO user_details (user_details_id, first_name, last_name, designation, dob, email_id, gender, phone_no, security_question, security_answer, address_id) VALUES (100003, 'Simphiwe', 'Report', 'Marketing Lead', '1998-04-04', 'Simphiwe@mail.com', 'Female', '8877669059', 'Default Question', 'answer', 100003);
INSERT INTO user_details (user_details_id, first_name, last_name, designation, dob, email_id, gender, phone_no, security_question, security_answer, address_id) VALUES (100004, 'user1', 'user1', 'Sales Team', '1995-05-11', 'user1@mail.com', 'Male', '3443312345', 'Default Question', 'answer', 100004);
INSERT INTO user_details (user_details_id, first_name, last_name, designation, dob, email_id, gender, phone_no, security_question, security_answer, address_id) VALUES (100005, 'user2', 'user2', 'Sales Team', '1999-01-19', 'user2@mail.com', 'Female', '7576788679', 'Default Question', 'answer', 100005);
INSERT INTO user_details (user_details_id, first_name, last_name, designation, dob, email_id, gender, phone_no, security_question, security_answer, address_id) VALUES (100006, 'User3', 'user3', 'Sales Team', '1990-03-12', 'User3@mail.com', 'Male', '9966553322', 'Default Question', 'answer', 100006);

-- MYSQL sequence
-- UPDATE user_id_sequence SET next_val = 100021;
-- H2 sequence
ALTER sequence user_id_sequence restart with 100007;
ALTER sequence address_id_sequence restart with 100007;

INSERT INTO warehouse (warehouse_id, name, description) VALUES (1000000, 'Gauteng', 'Gauteng');
INSERT INTO warehouse (warehouse_id, name, description) VALUES (1000001, 'Cape', 'Cape Town');
INSERT INTO warehouse (warehouse_id, name, description) VALUES (1000002, 'Durban', 'KwaZulu');
INSERT INTO warehouse (warehouse_id, name, description) VALUES (1000003, 'Limpopo', 'Polokwane');
INSERT INTO warehouse (warehouse_id, name, description) VALUES (1000004, 'Port Alfred', 'Eastern Cape');
INSERT INTO warehouse (warehouse_id, name, description) VALUES (1000005, 'Empumalanga', 'Empumalanga');

-- SQL
-- UPDATE warehouse_id_sequence SET next_val = 100006;
-- H2
ALTER sequence warehouse_id_sequence restart with 1000006;

------------------ Raw Material Data ------------------

-- SQL
-- UPDATE warehouse_id_sequence SET next_val = 100006;
-- H2
ALTER sequence warehouse_id_sequence restart with 100006;

INSERT INTO raw_material (raw_material_id, material_name, description, quantity_available, quantity_unit, warehouse_id) VALUES (100001, 'BBAFB0147-01', 'DOOR ROOF ARCH PIANO HINGE AD1190696',90, 'NOS', 1000000);
INSERT INTO raw_material (raw_material_id, material_name, description, quantity_available, quantity_unit, warehouse_id) VALUES (100002, 'BBAFC0003-00', 'EQUIPPED BAR SUPPORT TYPE 1 -AD1249905',90, 'NOS', 1000000);
INSERT INTO raw_material (raw_material_id, material_name, description, quantity_available, quantity_unit, warehouse_id) VALUES (100003, 'BBAFC0004-00', 'EQUIPPED BAR SUPPORT TYPE 4 -AD1249955',90, 'NOS', 1000000);
INSERT INTO raw_material (raw_material_id, material_name, description, quantity_available, quantity_unit, warehouse_id) VALUES (100004, 'BBAFC0005-00', 'EQUIPPED PASSENGERS HAND BAR  AD1250303',90, 'NOS', 1000000);
INSERT INTO raw_material (raw_material_id, material_name, description, quantity_available, quantity_unit, warehouse_id) VALUES (100005, 'BBCAE2648-00', 'GENERATOR PMGL 4 KW 350 RPM',90, 'NOS', 1000000);
INSERT INTO raw_material (raw_material_id, material_name, description, quantity_available, quantity_unit, warehouse_id) VALUES (100006, 'BBCAM0292-00', 'LATCH /SPRING HOOK S918705 OSCULATI',90, 'NOS', 1000000);
INSERT INTO raw_material (raw_material_id, material_name, description, quantity_available, quantity_unit, warehouse_id) VALUES (100007, 'BBCAM0533-00', 'FELT STRIP 10X2 MM IN ROLL',90, 'MTR', 1000000);
INSERT INTO raw_material (raw_material_id, material_name, description, quantity_available, quantity_unit, warehouse_id) VALUES (100008, 'BBCAM0810-00', 'FELT SYNTHETIK NEEDLE PUNCHED 2.5 X 20mm',90, 'MTR', 1000000);
INSERT INTO raw_material (raw_material_id, material_name, description, quantity_available, quantity_unit, warehouse_id) VALUES (100009, 'BBCAM0936-00', 'FOAM STRIP 8X10 AM M70 M1F3 [NAT WP]',90, 'MTR', 1000000);
INSERT INTO raw_material (raw_material_id, material_name, description, quantity_available, quantity_unit, warehouse_id) VALUES (100010, 'BBCAM1004-00', 'FOAM GREY AM M70 15 X 6 MM M1/F3 [NCB]',90, 'MTR', 1000000);
INSERT INTO raw_material (raw_material_id, material_name, description, quantity_available, quantity_unit, warehouse_id) VALUES (100011, 'BBCAM1253-00', 'FOAM 10X10 ONE SIDE ADHESIVE AMCO AM M70',90, 'MTR', 1000000);
INSERT INTO raw_material (raw_material_id, material_name, description, quantity_available, quantity_unit, warehouse_id) VALUES (100012, 'BBCAM1267-00', 'FOAM 20X10 ONE SIDE ADHESIVE 20mm face',90, 'MTR', 1000000);
INSERT INTO raw_material (raw_material_id, material_name, description, quantity_available, quantity_unit, warehouse_id) VALUES (100013, 'BBCAM1273', 'Flat Grey Foam 10 x 8 mm',90, 'M', 1000000);
INSERT INTO raw_material (raw_material_id, material_name, description, quantity_available, quantity_unit, warehouse_id) VALUES (100014, 'BBCAM1299-00', 'FELT 20X1 FL NFF 00-149 [NAT]',90, 'MTR', 1000000);
INSERT INTO raw_material (raw_material_id, material_name, description, quantity_available, quantity_unit, warehouse_id) VALUES (100015, 'BBCAM1556-00', 'GROMMET DA TYPE DA 80/100/30 HELAVIA',90, 'NOS', 1000000);
INSERT INTO raw_material (raw_material_id, material_name, description, quantity_available, quantity_unit, warehouse_id) VALUES (100016, 'BBCAM1670-00', 'ONE SIDE ADHESIVE FELT 20mm X 2 mm',90, 'MTR', 1000000);
INSERT INTO raw_material (raw_material_id, material_name, description, quantity_available, quantity_unit, warehouse_id) VALUES (100017, 'BBCAM2011-00', 'CAMLOCK : E5-6-222-111',90, 'NOS', 1000000);
INSERT INTO raw_material (raw_material_id, material_name, description, quantity_available, quantity_unit, warehouse_id) VALUES (100018, 'BBCAM2022-00', 'CAM STEEL',90, 'EACH', 1000000);
INSERT INTO raw_material (raw_material_id, material_name, description, quantity_available, quantity_unit, warehouse_id) VALUES (100019, 'BBCAM2045-00', 'SELF ADHESIVE FOAM PROFILE 10X2',90, 'MTR', 1000000);
INSERT INTO raw_material (raw_material_id, material_name, description, quantity_available, quantity_unit, warehouse_id) VALUES (100020, 'BBCAM2073-00', 'FELT 30 X1MM THK-ONE SIDE ADHESIVE',90, 'MTR', 1000000);
INSERT INTO raw_material (raw_material_id, material_name, description, quantity_available, quantity_unit, warehouse_id) VALUES (100021, 'BBCAM2074-00', 'FELT 10X5MM THK-ONE SIDE ADHESIVE',90, 'MTR', 1000000);
INSERT INTO raw_material (raw_material_id, material_name, description, quantity_available, quantity_unit, warehouse_id) VALUES (100022, 'BBCAM2075-00', 'FELT 60X5MMTHK ONE SIDE ADHESIVE',90, 'MTR', 1000000);
INSERT INTO raw_material (raw_material_id, material_name, description, quantity_available, quantity_unit, warehouse_id) VALUES (100023, 'BBCAM2078-00', 'FELT 15X3 ONE SIDE ADHESIVE',90, 'MTR', 1000000);
INSERT INTO raw_material (raw_material_id, material_name, description, quantity_available, quantity_unit, warehouse_id) VALUES (100024, 'BBCAM2089-00', 'BUBBLE JOINT WINDOW MASK SIDE TYPE3',90, 'MTR', 1000000);
INSERT INTO raw_material (raw_material_id, material_name, description, quantity_available, quantity_unit, warehouse_id) VALUES (100025, 'BBCAM2107-00', 'CAM LOCK : E5-6-222-131',90, 'NOS', 1000000);
INSERT INTO raw_material (raw_material_id, material_name, description, quantity_available, quantity_unit, warehouse_id) VALUES (100026, 'BBCAM2108-00', 'CAMLOCK : E5-6-222-131',90, 'NOS', 1000000);
INSERT INTO raw_material (raw_material_id, material_name, description, quantity_available, quantity_unit, warehouse_id) VALUES (100027, 'BBCAM2111-00', 'CAMLOCK : E5-6-222-091',90, 'NOS', 1000000);
INSERT INTO raw_material (raw_material_id, material_name, description, quantity_available, quantity_unit, warehouse_id) VALUES (100028, 'BBCAM2156-00', 'FOAM 15X10-ONE SIDE ADHESIVE AMM70',90, 'MTR', 1000000);
INSERT INTO raw_material (raw_material_id, material_name, description, quantity_available, quantity_unit, warehouse_id) VALUES (100029, 'BBCAM2157-00', 'FOAM 15X15-ONE SIDE ADHESIVE AMM70',90, 'MTR', 1000000);
INSERT INTO raw_material (raw_material_id, material_name, description, quantity_available, quantity_unit, warehouse_id) VALUES (100030, 'BBCAM2158-00', 'FOAM 25X25 ONE SIDE ADHESIVE AMMCO AMM70',90, 'MTR', 1000000);
INSERT INTO raw_material (raw_material_id, material_name, description, quantity_available, quantity_unit, warehouse_id) VALUES (100031, 'BBCAM2159-00', 'CAMLOCK : E5-6-222-041',90, 'NOS', 1000000);
INSERT INTO raw_material (raw_material_id, material_name, description, quantity_available, quantity_unit, warehouse_id) VALUES (100032, 'BBCAM2160-00', 'CAMLOCK : E5-6-222-061',90, 'NOS', 1000000);
INSERT INTO raw_material (raw_material_id, material_name, description, quantity_available, quantity_unit, warehouse_id) VALUES (100033, 'BBCAM2181-00', '15X1MM FELT FOR SPEAK BRACKET',90, 'MTR', 1000000);
INSERT INTO raw_material (raw_material_id, material_name, description, quantity_available, quantity_unit, warehouse_id) VALUES (100034, 'BBCAM2182-00', 'CAMLOCK : E5-6-222-141',90, 'NOS', 1000000);
INSERT INTO raw_material (raw_material_id, material_name, description, quantity_available, quantity_unit, warehouse_id) VALUES (100035, 'BBCAM2320-00', 'FELT 60X3MM THK',90, 'MTR', 1000000);
INSERT INTO raw_material (raw_material_id, material_name, description, quantity_available, quantity_unit, warehouse_id) VALUES (100036, 'BBCAS0243-00', 'FELT 30MM X 2MM SINGLE SIDE ADHESIVE',90, 'MTR', 1000000);
INSERT INTO raw_material (raw_material_id, material_name, description, quantity_available, quantity_unit, warehouse_id) VALUES (100037, 'BBCAS0244-00', 'FELT 40MM X 2MM SINGLE SIDE ADHESIVE',90, 'MTR', 1000000);
INSERT INTO raw_material (raw_material_id, material_name, description, quantity_available, quantity_unit, warehouse_id) VALUES (100038, 'BBCAS0260-00', 'DUAL LOCK SJ 35501  WIDE BLACK',90, 'MTR', 1000000);
INSERT INTO raw_material (raw_material_id, material_name, description, quantity_available, quantity_unit, warehouse_id) VALUES (100039, 'BBCAS0274-00', 'Clear Silicon',90, 'UNKNOWN', 1000000);
INSERT INTO raw_material (raw_material_id, material_name, description, quantity_available, quantity_unit, warehouse_id) VALUES (100040, 'BBCAS0320-00', 'FINE LINE TAPE 9MM',90, 'ROLL', 1000000);
INSERT INTO raw_material (raw_material_id, material_name, description, quantity_available, quantity_unit, warehouse_id) VALUES (100041, 'BBCFB0003-00', 'DUAL LOCK 25 MM SJ3551-25MM WIDE-R0',90, 'MTR', 1000000);
INSERT INTO raw_material (raw_material_id, material_name, description, quantity_available, quantity_unit, warehouse_id) VALUES (100042, 'BBCFB3037-00', 'NUT CAGE M6 SIMAF PT46 M06CX123 SS304',90, 'NOS', 1000000);
INSERT INTO raw_material (raw_material_id, material_name, description, quantity_available, quantity_unit, warehouse_id) VALUES (100043, 'BBCFC0106-00', 'WINDOW JOINT SILICON RUBBER BLACK SHORE',90, 'MTR', 1000000);
INSERT INTO raw_material (raw_material_id, material_name, description, quantity_available, quantity_unit, warehouse_id) VALUES (100044, 'BBCFC0107-01', 'SCREWING INSERT PLATE TYPE 1  SS304',90, 'NOS', 1000000);
INSERT INTO raw_material (raw_material_id, material_name, description, quantity_available, quantity_unit, warehouse_id) VALUES (100045, 'BBCFC0108-00', 'BRACKET - FIXATION OF FIXED ROOF ARCHES',90, 'NOS', 1000000);
INSERT INTO raw_material (raw_material_id, material_name, description, quantity_available, quantity_unit, warehouse_id) VALUES (100046, 'BBCFC0109-02', 'BAR SUPPORT TYPE 2 SS304-AD1249927',90, 'NOS', 1000000);
INSERT INTO raw_material (raw_material_id, material_name, description, quantity_available, quantity_unit, warehouse_id) VALUES (100047, 'BBCFC0110-00', 'CENTRAL BRACKET FOR POSITIONING SS304',90, 'NOS', 1000000);
INSERT INTO raw_material (raw_material_id, material_name, description, quantity_available, quantity_unit, warehouse_id) VALUES (100048, 'BBCFC0111-00', 'BRACKET - FIXATION DOOR PILLAR  SS304',90, 'NOS', 1000000);
INSERT INTO raw_material (raw_material_id, material_name, description, quantity_available, quantity_unit, warehouse_id) VALUES (100049, 'BBCFC0112-01', 'PLIERS DOOR PILLAR FLAP SS304-AD1250362',90, 'NOS', 1000000);
INSERT INTO raw_material (raw_material_id, material_name, description, quantity_available, quantity_unit, warehouse_id) VALUES (100050, 'BBCFC0113-00', 'INSERT - FLAP FIXATION SS304',90, 'NOS', 1000000);
INSERT INTO raw_material (raw_material_id, material_name, description, quantity_available, quantity_unit, warehouse_id) VALUES (100051, 'BBCFC0116-01', 'SUPPORT - FLAP PLIERS SS304-AD1250229-A2',90, 'NOS', 1000000);
INSERT INTO raw_material (raw_material_id, material_name, description, quantity_available, quantity_unit, warehouse_id) VALUES (100052, 'BBCFC0122-00', 'PLATE FOR FLAP FIXATION  SS304-AD1270311',90, 'NOS', 1000000);
INSERT INTO raw_material (raw_material_id, material_name, description, quantity_available, quantity_unit, warehouse_id) VALUES (100053, 'BBCFC0124-00', 'EQUIPPED BAR SUPPRT TYPE 4 SYM-AD1282274',90, 'NOS', 1000000);
INSERT INTO raw_material (raw_material_id, material_name, description, quantity_available, quantity_unit, warehouse_id) VALUES (100054, 'BBCFC0126-00', 'EQUIPPED BAR SUPPRT TYPE 1 SYM-AD1282278',90, 'NOS', 1000000);
INSERT INTO raw_material (raw_material_id, material_name, description, quantity_available, quantity_unit, warehouse_id) VALUES (100055, 'BBCFC0128-00', 'INSERT WELDED NUT -AD1295958 REV-01',90, 'NOS', 1000000);
INSERT INTO raw_material (raw_material_id, material_name, description, quantity_available, quantity_unit, warehouse_id) VALUES (100056, 'BBCFC0130-01', 'SHEET-APPEL CONDUCTEUR -AD1306792 REV-B0',90, 'NOS', 1000000);
INSERT INTO raw_material (raw_material_id, material_name, description, quantity_available, quantity_unit, warehouse_id) VALUES (100057, 'BBCFC0134-00', 'SAFETY CABLE -AD1191733 REV-00',90, 'NOS', 1000000);
INSERT INTO raw_material (raw_material_id, material_name, description, quantity_available, quantity_unit, warehouse_id) VALUES (100058, 'BBCFC0137-00', 'FIXATION BRACKET SAFETY CABLE TYPE 2',90, 'NOS', 1000000);
INSERT INTO raw_material (raw_material_id, material_name, description, quantity_available, quantity_unit, warehouse_id) VALUES (100059, 'BBCFC0138-00', 'FIXATION BRACKET TO CBS TYPE 1 AD1192945',90, 'NOS', 1000000);
INSERT INTO raw_material (raw_material_id, material_name, description, quantity_available, quantity_unit, warehouse_id) VALUES (100060, 'BBCFC0139-00', 'FIXATION BRACKET SAFETY CABLE AD1192647',90, 'NOS', 1000000);
INSERT INTO raw_material (raw_material_id, material_name, description, quantity_available, quantity_unit, warehouse_id) VALUES (100061, 'BBCFC0140-00', 'FIXATION BRACKET SAFETY CABLE TYPE 1',90, 'NOS', 1000000);
INSERT INTO raw_material (raw_material_id, material_name, description, quantity_available, quantity_unit, warehouse_id) VALUES (100062, 'BBCFC0141-00', 'LOUD SPEAKER BRACKET -AD1198242 REV-0',90, 'NOS', 1000000);
INSERT INTO raw_material (raw_material_id, material_name, description, quantity_available, quantity_unit, warehouse_id) VALUES (100063, 'BBCFC0193-01', 'BENT SHEET -DT433735 REV-RB',90, 'NOS', 1000000);
INSERT INTO raw_material (raw_material_id, material_name, description, quantity_available, quantity_unit, warehouse_id) VALUES (100064, 'BBCFC0194-01', 'BENT SHEET -DT433802 REV-RB',90, 'NOS', 1000000);
INSERT INTO raw_material (raw_material_id, material_name, description, quantity_available, quantity_unit, warehouse_id) VALUES (100065, 'BBCFC0195-01', 'BENT SHEET -CDD573803-1 REV-RB',90, 'NOS', 1000000);
INSERT INTO raw_material (raw_material_id, material_name, description, quantity_available, quantity_unit, warehouse_id) VALUES (100066, 'BBCFC0196-01', 'BENT SHEET -CDD577450-1 REV-RB',90, 'NOS', 1000000);
INSERT INTO raw_material (raw_material_id, material_name, description, quantity_available, quantity_unit, warehouse_id) VALUES (100067, 'BBCFC0197-01', 'BENT SHEET -DT573803-2 REV-RB',90, 'NOS', 1000000);
INSERT INTO raw_material (raw_material_id, material_name, description, quantity_available, quantity_unit, warehouse_id) VALUES (100068, 'BBCFC0198-01', 'BENT SHEET -DT577450-2 REV-RB',90, 'NOS', 1000000);
INSERT INTO raw_material (raw_material_id, material_name, description, quantity_available, quantity_unit, warehouse_id) VALUES (100069, 'BBCFC0200-01', 'PLATE ASSY -CDD630224-101 RE-RB',90, 'NOS', 1000000);
INSERT INTO raw_material (raw_material_id, material_name, description, quantity_available, quantity_unit, warehouse_id) VALUES (100070, 'BBCFC0201-01', 'PLATE ASSY -CDD630224-102 RE-RB',90, 'NOS', 1000000);
INSERT INTO raw_material (raw_material_id, material_name, description, quantity_available, quantity_unit, warehouse_id) VALUES (100071, 'BBCFC0202-01', 'BENT SHEET -DT450346-RB',90, 'NOS', 1000000);
INSERT INTO raw_material (raw_material_id, material_name, description, quantity_available, quantity_unit, warehouse_id) VALUES (100072, 'BBCFC0203-01', 'BENT SHEET -GL00000036667 REV-RB',90, 'NOS', 1000000);
INSERT INTO raw_material (raw_material_id, material_name, description, quantity_available, quantity_unit, warehouse_id) VALUES (100073, 'BBCFC0205-01', 'WELDED SUPPORT -CDD571386-101 RE-RB',90, 'NOS', 1000000);
INSERT INTO raw_material (raw_material_id, material_name, description, quantity_available, quantity_unit, warehouse_id) VALUES (100074, 'BBCFC0206-01', 'BENT SHEET -CDD570031-1 REV-RB',90, 'NOS', 1000000);
INSERT INTO raw_material (raw_material_id, material_name, description, quantity_available, quantity_unit, warehouse_id) VALUES (100075, 'BBCFC0207-01', 'BENT SHEET -CDD569474-1 REV-RB',90, 'NOS', 1000000);
INSERT INTO raw_material (raw_material_id, material_name, description, quantity_available, quantity_unit, warehouse_id) VALUES (100076, 'BBCFC0208-00', 'WELDED SUPPORT -CDD583467-101REV-RA',90, 'NOS', 1000000);
INSERT INTO raw_material (raw_material_id, material_name, description, quantity_available, quantity_unit, warehouse_id) VALUES (100077, 'BBCFC0209-00', 'WELDED SUPPORT -CDD583476 REV-RA',90, 'NOS', 1000000);
INSERT INTO raw_material (raw_material_id, material_name, description, quantity_available, quantity_unit, warehouse_id) VALUES (100078, 'BBCFC0210-01', 'WELDED SUPPORT -CDD571386-102 RE-RB',90, 'NOS', 1000000);
INSERT INTO raw_material (raw_material_id, material_name, description, quantity_available, quantity_unit, warehouse_id) VALUES (100079, 'BBCFC0211-01', 'BENT SHEET -CDD570031-2 REV-RB',90, 'NOS', 1000000);
INSERT INTO raw_material (raw_material_id, material_name, description, quantity_available, quantity_unit, warehouse_id) VALUES (100080, 'BBCFC0212-01', 'BENT SHEET -CDD569474-2 REV-RB',90, 'NOS', 1000000);
INSERT INTO raw_material (raw_material_id, material_name, description, quantity_available, quantity_unit, warehouse_id) VALUES (100081, 'BBCFC0213-00', 'WELDED SUPPORT -CDD583467-102-RA',90, 'NOS', 1000000);
INSERT INTO raw_material (raw_material_id, material_name, description, quantity_available, quantity_unit, warehouse_id) VALUES (100082, 'BBCFC0214-00', 'FOLDED SHEET EQUIPPED -GLD45656 REV-RA',90, 'NOS', 1000000);
INSERT INTO raw_material (raw_material_id, material_name, description, quantity_available, quantity_unit, warehouse_id) VALUES (100083, 'BBCFC0215-00', 'FOLDED SHEET -DTD449027 REV-RA',90, 'NOS', 1000000);
INSERT INTO raw_material (raw_material_id, material_name, description, quantity_available, quantity_unit, warehouse_id) VALUES (100084, 'BBCFC0216-00', 'FOLDED SHEET -GLD50396-2 REV-RA',90, 'NOS', 1000000);
INSERT INTO raw_material (raw_material_id, material_name, description, quantity_available, quantity_unit, warehouse_id) VALUES (100085, 'BBCFC0217-00', 'FOLDED SHEET -GLD49947-1 REV-RA',90, 'NOS', 1000000);
INSERT INTO raw_material (raw_material_id, material_name, description, quantity_available, quantity_unit, warehouse_id) VALUES (100086, 'BBCFC0218-00', 'FOLDED SHEET -GLD49947-2 REV-RA',90, 'NOS', 1000000);
INSERT INTO raw_material (raw_material_id, material_name, description, quantity_available, quantity_unit, warehouse_id) VALUES (100087, 'BBCFC0219-00', 'FOLDED SHEET -GLD50396-1 REV-RA',90, 'NOS', 1000000);
INSERT INTO raw_material (raw_material_id, material_name, description, quantity_available, quantity_unit, warehouse_id) VALUES (100088, 'BBCFC0220-00', 'FOLDED SHEET WELDED -DT450735 REV-RA',90, 'NOS', 1000000);
INSERT INTO raw_material (raw_material_id, material_name, description, quantity_available, quantity_unit, warehouse_id) VALUES (100089, 'BBCFC0221-01', 'BENT SHEET -CDD588072-2 REV-RB',90, 'NOS', 1000000);
INSERT INTO raw_material (raw_material_id, material_name, description, quantity_available, quantity_unit, warehouse_id) VALUES (100090, 'BBCFC0222-02', 'BENT SHEET -CDD602497-2 REV-RC',90, 'NOS', 1000000);
INSERT INTO raw_material (raw_material_id, material_name, description, quantity_available, quantity_unit, warehouse_id) VALUES (100091, 'BBCFC0223-00', 'BRACKET WELDED -GLD62404 REV-RA',90, 'NOS', 1000000);
INSERT INTO raw_material (raw_material_id, material_name, description, quantity_available, quantity_unit, warehouse_id) VALUES (100092, 'BBCFC0224-00', 'BRACKET WELDED -GLD62389 REV-RA',90, 'NOS', 1000000);
INSERT INTO raw_material (raw_material_id, material_name, description, quantity_available, quantity_unit, warehouse_id) VALUES (100093, 'BBCFC0225-01', 'BENT SHEET -CDD587986-2 REV-RB',90, 'NOS', 1000000);
INSERT INTO raw_material (raw_material_id, material_name, description, quantity_available, quantity_unit, warehouse_id) VALUES (100094, 'BBCFC0226-01', 'BENT SHEET -CDD588072-1 REV-RB',90, 'NOS', 1000000);
INSERT INTO raw_material (raw_material_id, material_name, description, quantity_available, quantity_unit, warehouse_id) VALUES (100095, 'BBCFC0227-02', 'BENT SHEET -CDD602497-1 REV-RC',90, 'NOS', 1000000);
INSERT INTO raw_material (raw_material_id, material_name, description, quantity_available, quantity_unit, warehouse_id) VALUES (100096, 'BBCFC0228-01', 'BENT SHEET -CDD587986-1 REV-RB',90, 'NOS', 1000000);
INSERT INTO raw_material (raw_material_id, material_name, description, quantity_available, quantity_unit, warehouse_id) VALUES (100097, 'BBCFC0229-00', 'PLATE WELDED -GLD26510 REV-RA',90, 'NOS', 1000000);
INSERT INTO raw_material (raw_material_id, material_name, description, quantity_available, quantity_unit, warehouse_id) VALUES (100098, 'BBCFC0281-02', 'WELDED SUPPORT -CDD612253-101 REV-RC',90, 'NOS', 1000000);
INSERT INTO raw_material (raw_material_id, material_name, description, quantity_available, quantity_unit, warehouse_id) VALUES (100099, 'BBCFC0282-01', 'WELDED SUPPORT -CDD634222-101 RE-RB',90, 'NOS', 1000000);
INSERT INTO raw_material (raw_material_id, material_name, description, quantity_available, quantity_unit, warehouse_id) VALUES (100100, 'BBCFC0283-02', 'WELDED SUPPORT -CDD633932-101 RE-RC',90, 'NOS', 1000000);
INSERT INTO raw_material (raw_material_id, material_name, description, quantity_available, quantity_unit, warehouse_id) VALUES (100101, 'BBCFC0284-01', 'WELDED SUPPORT -CDD634409-101 RE-RB',90, 'NOS', 1000000);
INSERT INTO raw_material (raw_material_id, material_name, description, quantity_available, quantity_unit, warehouse_id) VALUES (100102, 'BBCFC0285-01', 'WELDED SUPPORT -CDD634402-101 RE-RB',90, 'NOS', 1000000);
INSERT INTO raw_material (raw_material_id, material_name, description, quantity_available, quantity_unit, warehouse_id) VALUES (100103, 'BBCFC0286-01', 'WELDED PART -CDD638872-101 RE-RB',90, 'NOS', 1000000);
INSERT INTO raw_material (raw_material_id, material_name, description, quantity_available, quantity_unit, warehouse_id) VALUES (100104, 'BBCFC0287-00', 'PLATE ASSY -CDD619797 REV-R2',90, 'NOS', 1000000);
INSERT INTO raw_material (raw_material_id, material_name, description, quantity_available, quantity_unit, warehouse_id) VALUES (100105, 'BBCFC0288-00', 'PLATE ASSY -CDD619800 REV-R2',90, 'NOS', 1000000);
INSERT INTO raw_material (raw_material_id, material_name, description, quantity_available, quantity_unit, warehouse_id) VALUES (100106, 'BBCFC0289-02', 'PLATE ASSY -CDD634308-101 RE-RC',90, 'NOS', 1000000);
INSERT INTO raw_material (raw_material_id, material_name, description, quantity_available, quantity_unit, warehouse_id) VALUES (100107, 'BBCFC0290-01', 'PLATE ASSY -CDD634394-101 RE-RB',90, 'NOS', 1000000);
INSERT INTO raw_material (raw_material_id, material_name, description, quantity_available, quantity_unit, warehouse_id) VALUES (100108, 'BBCFC0291-01', 'PLATE ASSY -CDD634399-101REV-RB',90, 'NOS', 1000000);
INSERT INTO raw_material (raw_material_id, material_name, description, quantity_available, quantity_unit, warehouse_id) VALUES (100109, 'BBCFC0292-01', 'BENT SHEET -CDD625149-1REV-R2',90, 'NOS', 1000000);
INSERT INTO raw_material (raw_material_id, material_name, description, quantity_available, quantity_unit, warehouse_id) VALUES (100110, 'BBCFC0293-01', 'BENT SHEET -CDD619834-1 REV-RB',90, 'NOS', 1000000);
INSERT INTO raw_material (raw_material_id, material_name, description, quantity_available, quantity_unit, warehouse_id) VALUES (100111, 'BBCFC0294-02', 'WELDED SUPPORT -CDD612253-102 REV-RC',90, 'NOS', 1000000);
INSERT INTO raw_material (raw_material_id, material_name, description, quantity_available, quantity_unit, warehouse_id) VALUES (100112, 'BBCFC0295-01', 'WELDED SUPPORT -CDD634222-102REV-RB',90, 'NOS', 1000000);
INSERT INTO raw_material (raw_material_id, material_name, description, quantity_available, quantity_unit, warehouse_id) VALUES (100113, 'BBCFC0296-02', 'WELDED SUPPORT -CDD633932-102REV-RC',90, 'NOS', 1000000);
INSERT INTO raw_material (raw_material_id, material_name, description, quantity_available, quantity_unit, warehouse_id) VALUES (100114, 'BBCFC0297-01', 'WELDED SUPPORT -CDD634409-102REV-RB',90, 'NOS', 1000000);
INSERT INTO raw_material (raw_material_id, material_name, description, quantity_available, quantity_unit, warehouse_id) VALUES (100115, 'BBCFC0298-01', 'WELDED SUPPORT -CDD634402-102REV-RB',90, 'NOS', 1000000);
INSERT INTO raw_material (raw_material_id, material_name, description, quantity_available, quantity_unit, warehouse_id) VALUES (100116, 'BBCFC0299-01', 'WELDED PART -CDD638872-102REV-RB',90, 'NOS', 1000000);
INSERT INTO raw_material (raw_material_id, material_name, description, quantity_available, quantity_unit, warehouse_id) VALUES (100117, 'BBCFC0300-02', 'PLATE ASSY -CDD634308-102REV-RC',90, 'NOS', 1000000);
INSERT INTO raw_material (raw_material_id, material_name, description, quantity_available, quantity_unit, warehouse_id) VALUES (100118, 'BBCFC0301-01', 'PLATE ASSY -CDD634394-102REV-RB',90, 'NOS', 1000000);
INSERT INTO raw_material (raw_material_id, material_name, description, quantity_available, quantity_unit, warehouse_id) VALUES (100119, 'BBCFC0302-01', 'PLATE ASSY -CDD634399-102REV-RB',90, 'NOS', 1000000);
INSERT INTO raw_material (raw_material_id, material_name, description, quantity_available, quantity_unit, warehouse_id) VALUES (100120, 'BBCFC0303-01', 'BENT SHEET -CDD625149-2 REV-RB',90, 'NOS', 1000000);
INSERT INTO raw_material (raw_material_id, material_name, description, quantity_available, quantity_unit, warehouse_id) VALUES (100121, 'BBCFC0304-01', 'BENT SHEET -CDD619834-2 REV-RB',90, 'NOS', 1000000);
INSERT INTO raw_material (raw_material_id, material_name, description, quantity_available, quantity_unit, warehouse_id) VALUES (100122, 'BBCFC0305-01', 'PLATE ASSY -CDD606790-101REV-RB',90, 'NOS', 1000000);
INSERT INTO raw_material (raw_material_id, material_name, description, quantity_available, quantity_unit, warehouse_id) VALUES (100123, 'BBCFC0306-01', 'PLATE ASSY -CDD606790-102REV-RB',90, 'NOS', 1000000);
INSERT INTO raw_material (raw_material_id, material_name, description, quantity_available, quantity_unit, warehouse_id) VALUES (100124, 'BBCFC0307-01', 'PLATE ASSY -CDD592970-101REV-RB',90, 'NOS', 1000000);
INSERT INTO raw_material (raw_material_id, material_name, description, quantity_available, quantity_unit, warehouse_id) VALUES (100125, 'BBCFC0308-01', 'PLATE ASSY -CDD592970-102REV-RB',90, 'NOS', 1000000);
INSERT INTO raw_material (raw_material_id, material_name, description, quantity_available, quantity_unit, warehouse_id) VALUES (100126, 'BBCFC0310-00', 'PLATE ASSY -CDD604199 REV-R2',90, 'NOS', 1000000);
INSERT INTO raw_material (raw_material_id, material_name, description, quantity_available, quantity_unit, warehouse_id) VALUES (100127, 'BBCFC0311-01', 'BENT SHEET -CDD583561-1 REV-RB',90, 'NOS', 1000000);
INSERT INTO raw_material (raw_material_id, material_name, description, quantity_available, quantity_unit, warehouse_id) VALUES (100128, 'BBCFC0312-01', 'BENT SHEET -CDD583561-2 REV-RB',90, 'NOS', 1000000);
INSERT INTO raw_material (raw_material_id, material_name, description, quantity_available, quantity_unit, warehouse_id) VALUES (100129, 'BBCFC0313-01', 'PLATE ASSY -CDD571394-101REV-RB',90, 'NOS', 1000000);
INSERT INTO raw_material (raw_material_id, material_name, description, quantity_available, quantity_unit, warehouse_id) VALUES (100130, 'BBCFC0314-01', 'PLATE ASSY -CDD571394-102REV-RB',90, 'NOS', 1000000);
INSERT INTO raw_material (raw_material_id, material_name, description, quantity_available, quantity_unit, warehouse_id) VALUES (100131, 'BBCFC0317-00', 'ANTENNA PLAT ASSY -GL40072 REV-R2',90, 'NOS', 1000000);
INSERT INTO raw_material (raw_material_id, material_name, description, quantity_available, quantity_unit, warehouse_id) VALUES (100132, 'BBCFC0319-00', 'FRONT CLAMP -GLD51504-101REV-R2',90, 'NOS', 1000000);
INSERT INTO raw_material (raw_material_id, material_name, description, quantity_available, quantity_unit, warehouse_id) VALUES (100133, 'BBCFC0320-00', 'FRONT CLAMP -GLD51504-102REV-R2',90, 'NOS', 1000000);
INSERT INTO raw_material (raw_material_id, material_name, description, quantity_available, quantity_unit, warehouse_id) VALUES (100134, 'BBCFC0321-00', 'FOLDED SHEET -DT391435 REV-R2',90, 'NOS', 1000000);
INSERT INTO raw_material (raw_material_id, material_name, description, quantity_available, quantity_unit, warehouse_id) VALUES (100135, 'BBCFC0322-02', 'REAR BRACKET -DT391526/GLD51526 REV-B0',90, 'NOS', 1000000);
INSERT INTO raw_material (raw_material_id, material_name, description, quantity_available, quantity_unit, warehouse_id) VALUES (100136, 'BBCFC0323-00', 'BRACKET -DT391760 REV-R2',90, 'NOS', 1000000);
INSERT INTO raw_material (raw_material_id, material_name, description, quantity_available, quantity_unit, warehouse_id) VALUES (100137, 'BBCFC0324-00', 'ROLLER BLIND BRACKET -DT406693 REV-R2',90, 'NOS', 1000000);
INSERT INTO raw_material (raw_material_id, material_name, description, quantity_available, quantity_unit, warehouse_id) VALUES (100138, 'BBCFC0325-00', 'FOLDED SHEET -DT388749 REV-R2',90, 'NOS', 1000000);
INSERT INTO raw_material (raw_material_id, material_name, description, quantity_available, quantity_unit, warehouse_id) VALUES (100139, 'BBCFC0326-00', 'CLAMP -DT403216 REV-R2',90, 'NOS', 1000000);
INSERT INTO raw_material (raw_material_id, material_name, description, quantity_available, quantity_unit, warehouse_id) VALUES (100140, 'BBCFC0327-00', 'CEILING FRAME Right bracket GLD49762-1',90, 'NOS', 1000000);
INSERT INTO raw_material (raw_material_id, material_name, description, quantity_available, quantity_unit, warehouse_id) VALUES (100141, 'BBCFC0328-00', 'CEILING FRAME Left bracket GLD49762-2',90, 'NOS', 1000000);
INSERT INTO raw_material (raw_material_id, material_name, description, quantity_available, quantity_unit, warehouse_id) VALUES (100142, 'BBCFC0329-00', 'OMEGA -DT402007 REV-R2',90, 'NOS', 1000000);
INSERT INTO raw_material (raw_material_id, material_name, description, quantity_available, quantity_unit, warehouse_id) VALUES (100143, 'BBCFC0330-00', 'ROOF ARCH BRACKET -GLD29390 REV-R2',90, 'NOS', 1000000);
INSERT INTO raw_material (raw_material_id, material_name, description, quantity_available, quantity_unit, warehouse_id) VALUES (100144, 'BBCFC0331-00', 'CEILING FRAME BRACKET -GLD29422  REV-R2',90, 'NOS', 1000000);
INSERT INTO raw_material (raw_material_id, material_name, description, quantity_available, quantity_unit, warehouse_id) VALUES (100145, 'BBCFC0332-00', 'CLAMP -GLD51435-101REV-R2',90, 'NOS', 1000000);
INSERT INTO raw_material (raw_material_id, material_name, description, quantity_available, quantity_unit, warehouse_id) VALUES (100146, 'BBCFC0333-00', 'CLAMP -GLD51435-102REV-R2',90, 'NOS', 1000000);
INSERT INTO raw_material (raw_material_id, material_name, description, quantity_available, quantity_unit, warehouse_id) VALUES (100147, 'BBCFC0334-00', 'BRACKET -DT388306 REV-R2',90, 'NOS', 1000000);
INSERT INTO raw_material (raw_material_id, material_name, description, quantity_available, quantity_unit, warehouse_id) VALUES (100148, 'BBCFC0335-00', 'BRACKET -GLD44159-1 REV-R2',90, 'NOS', 1000000);
INSERT INTO raw_material (raw_material_id, material_name, description, quantity_available, quantity_unit, warehouse_id) VALUES (100149, 'BBCFC0336-00', 'BRACKET -GLD44159-2 REV-R2',90, 'NOS', 1000000);
INSERT INTO raw_material (raw_material_id, material_name, description, quantity_available, quantity_unit, warehouse_id) VALUES (100150, 'BBCFC0337-00', 'Side cover Vertical Stiffner',90, 'NOS', 1000000);
INSERT INTO raw_material (raw_material_id, material_name, description, quantity_available, quantity_unit, warehouse_id) VALUES (100151, 'BBCFC0651-00', 'RIGHT MIRROR SUPPORT-GLD185913-1 REV-RA',90, 'NOS', 1000000);
INSERT INTO raw_material (raw_material_id, material_name, description, quantity_available, quantity_unit, warehouse_id) VALUES (100152, 'BBCFC0652-00', 'RIGHT MIRROR SUPPORT-GLD185913-2 REV-RA',90, 'NOS', 1000000);
INSERT INTO raw_material (raw_material_id, material_name, description, quantity_available, quantity_unit, warehouse_id) VALUES (100153, 'BBCFC0653-00', 'OMEGA-DT387927 REV-RA',90, 'NOS', 1000000);
INSERT INTO raw_material (raw_material_id, material_name, description, quantity_available, quantity_unit, warehouse_id) VALUES (100154, 'BBCFC0654-00', 'ROOF ARCH BRACKET-DT387981 REV-RA',90, 'NOS', 1000000);
INSERT INTO raw_material (raw_material_id, material_name, description, quantity_available, quantity_unit, warehouse_id) VALUES (100155, 'BBCFC0655-00', 'CEILING FRAME BRACKET-DT387994  REV- RA',90, 'NOS', 1000000);
INSERT INTO raw_material (raw_material_id, material_name, description, quantity_available, quantity_unit, warehouse_id) VALUES (100156, 'BBCFC0790-00', 'EQUIPPED INTERFACE BRACKET DOOR PILLAR',90, 'NOS', 1000000);
INSERT INTO raw_material (raw_material_id, material_name, description, quantity_available, quantity_unit, warehouse_id) VALUES (100157, 'BBCFC0791-00', 'DOOR LIGHTING SUPPORT PLATE-DWD123585',90, 'NOS', 1000000);
INSERT INTO raw_material (raw_material_id, material_name, description, quantity_available, quantity_unit, warehouse_id) VALUES (100158, 'BBCFC0792-01', 'SPEAKER PLATE-DWD126500 REV-R1',90, 'NOS', 1000000);
INSERT INTO raw_material (raw_material_id, material_name, description, quantity_available, quantity_unit, warehouse_id) VALUES (100159, 'BBCFC0793-00', 'LUGGAGE RACK ROOF ARCH TO SIDE WALL Fixa',90, 'NOS', 1000000);
INSERT INTO raw_material (raw_material_id, material_name, description, quantity_available, quantity_unit, warehouse_id) VALUES (100160, 'BBCFC0794-00', 'EDGE PROTECTON 10.5X14MM AD1195074',90, 'MTR', 1000000);
INSERT INTO raw_material (raw_material_id, material_name, description, quantity_available, quantity_unit, warehouse_id) VALUES (100161, 'BBCFC0795-01', 'BRACKET- SIDE WALL FIXATION-DW119881',90, 'NOS', 1000000);
INSERT INTO raw_material (raw_material_id, material_name, description, quantity_available, quantity_unit, warehouse_id) VALUES (100162, 'BBCFC0796-00', 'PLATE FOR LATCH FIXATION-DW114741 REV-00',90, 'NOS', 1000000);
INSERT INTO raw_material (raw_material_id, material_name, description, quantity_available, quantity_unit, warehouse_id) VALUES (100163, 'BBCFC0797-00', 'BRACKET FOR SAFTY CABLE-DW114186 REV-00',90, 'NOS', 1000000);
INSERT INTO raw_material (raw_material_id, material_name, description, quantity_available, quantity_unit, warehouse_id) VALUES (100164, 'BBCFC0798-00', 'BRACKET FOR HINGE-DW114156 REV-00',90, 'NOS', 1000000);
INSERT INTO raw_material (raw_material_id, material_name, description, quantity_available, quantity_unit, warehouse_id) VALUES (100165, 'BBCFC0799-00', 'CORNER BRACKET-DWD132211 REV-00',90, 'NOS', 1000000);
INSERT INTO raw_material (raw_material_id, material_name, description, quantity_available, quantity_unit, warehouse_id) VALUES (100166, 'BBCFC0800-00', 'EDGE BRACKET-DWD132216 REV-00',90, 'NOS', 1000000);
INSERT INTO raw_material (raw_material_id, material_name, description, quantity_available, quantity_unit, warehouse_id) VALUES (100167, 'BBCFC0801-00', 'FIXATION BRACKET SAFETY CABLE TYPE 2',90, 'NOS', 1000000);
INSERT INTO raw_material (raw_material_id, material_name, description, quantity_available, quantity_unit, warehouse_id) VALUES (100168, 'BBCFC0802-00', 'BRACKET FOR LOUDSPEAKER FIXATION',90, 'NOS', 1000000);
INSERT INTO raw_material (raw_material_id, material_name, description, quantity_available, quantity_unit, warehouse_id) VALUES (100169, 'BBCFC0803-00', 'BRACKET FOR LP CONNECTOR-DWD132229',90, 'NOS', 1000000);
INSERT INTO raw_material (raw_material_id, material_name, description, quantity_available, quantity_unit, warehouse_id) VALUES (100170, 'BBCFC0804-00', 'BRACKET FOR SAFTY CABLE-DWD132189 REV-00',90, 'NOS', 1000000);
INSERT INTO raw_material (raw_material_id, material_name, description, quantity_available, quantity_unit, warehouse_id) VALUES (100171, 'BBCFC0805-00', 'FIXATION BRACKET TO DOOR PILLAR',90, 'NOS', 1000000);
INSERT INTO raw_material (raw_material_id, material_name, description, quantity_available, quantity_unit, warehouse_id) VALUES (100172, 'BBCFC0814-00', 'EDGE BRACKET-DWD132271 REV-00',90, 'NOS', 1000000);
INSERT INTO raw_material (raw_material_id, material_name, description, quantity_available, quantity_unit, warehouse_id) VALUES (100173, 'BBCFC1320-00', 'CUBICLE PIANO HINGE-DWD128666 REV-00',90, 'NOS', 1000000);
INSERT INTO raw_material (raw_material_id, material_name, description, quantity_available, quantity_unit, warehouse_id) VALUES (100174, 'BBCFC1321-00', 'PLATE FOR LATCH FIXATION-DWD128564',90, 'NOS', 1000000);
INSERT INTO raw_material (raw_material_id, material_name, description, quantity_available, quantity_unit, warehouse_id) VALUES (100175, 'BBCFC1322-00', 'CUBICLE PIANO HINGE-DWD128672 REV-00',90, 'NOS', 1000000);
INSERT INTO raw_material (raw_material_id, material_name, description, quantity_available, quantity_unit, warehouse_id) VALUES (100176, 'BBCFC1323-00', 'SHIME 80X24X2MM-DWD128593 REV-A1',90, 'NOS', 1000000);
INSERT INTO raw_material (raw_material_id, material_name, description, quantity_available, quantity_unit, warehouse_id) VALUES (100177, 'BBCFC1324-00', 'SHIME 80X24X1MM-DWD128596 REV-00',90, 'NOS', 1000000);
INSERT INTO raw_material (raw_material_id, material_name, description, quantity_available, quantity_unit, warehouse_id) VALUES (100178, 'BBCFC1325-01', 'SHIM HINGE FIXATION 1MM-DWD128602-A1',90, 'NOS', 1000000);
INSERT INTO raw_material (raw_material_id, material_name, description, quantity_available, quantity_unit, warehouse_id) VALUES (100179, 'BBCFC1326-00', 'SHIM FOR HINGE FIXATION 2MM DWD128605',90, 'NOS', 1000000);
INSERT INTO raw_material (raw_material_id, material_name, description, quantity_available, quantity_unit, warehouse_id) VALUES (100180, 'BBCFC1327-00', 'FOLDED PLATE-DWD128537 REV-00',90, 'NOS', 1000000);
INSERT INTO raw_material (raw_material_id, material_name, description, quantity_available, quantity_unit, warehouse_id) VALUES (100181, 'BBCFC1328-01', 'PLATE FOR EXTINGUISHER DOOR-DWD128584-A1',90, 'NOS', 1000000);
INSERT INTO raw_material (raw_material_id, material_name, description, quantity_available, quantity_unit, warehouse_id) VALUES (100182, 'BBCFC1329-01', 'FOLDED PLATE SYS-DWD128587-A1',90, 'NOS', 1000000);
INSERT INTO raw_material (raw_material_id, material_name, description, quantity_available, quantity_unit, warehouse_id) VALUES (100183, 'BBCFC1330-00', 'EQUIPED HINGE PLATE-DWD128686 REV-00',90, 'NOS', 1000000);
INSERT INTO raw_material (raw_material_id, material_name, description, quantity_available, quantity_unit, warehouse_id) VALUES (100184, 'BBCFC1331-00', 'FOLDED PLATE-DWD128999 REV-A1',90, 'NOS', 1000000);
INSERT INTO raw_material (raw_material_id, material_name, description, quantity_available, quantity_unit, warehouse_id) VALUES (100185, 'BBCFC1332-00', 'EQUIPED MOUNTING BRACKET FOR SIDE COVER',90, 'NOS', 1000000);
INSERT INTO raw_material (raw_material_id, material_name, description, quantity_available, quantity_unit, warehouse_id) VALUES (100186, 'BBCFC1333-00', 'SHIM FOR SIDE COVER 1MM-DWD128962 REV-00',90, 'NOS', 1000000);
INSERT INTO raw_material (raw_material_id, material_name, description, quantity_available, quantity_unit, warehouse_id) VALUES (100187, 'BBCFC1334-00', 'MOUNTING BRACKET-DWD128608 REV-00',90, 'NOS', 1000000);
INSERT INTO raw_material (raw_material_id, material_name, description, quantity_available, quantity_unit, warehouse_id) VALUES (100188, 'BBCFC1335-00', 'LOCKER BRACKET-DWD128774 REV-00',90, 'NOS', 1000000);
INSERT INTO raw_material (raw_material_id, material_name, description, quantity_available, quantity_unit, warehouse_id) VALUES (100189, 'BBCFC1337-00', 'LOCATNG BRACKT-PLUG LATERAL WALL 2 COACH',90, 'NOS', 1000000);
INSERT INTO raw_material (raw_material_id, material_name, description, quantity_available, quantity_unit, warehouse_id) VALUES (100190, 'BBCFC1338-00', 'BASE FOR HINGE SYS-DWD128623 REV-00',90, 'NOS', 1000000);
INSERT INTO raw_material (raw_material_id, material_name, description, quantity_available, quantity_unit, warehouse_id) VALUES (100191, 'BBCFC1339-00', 'BOTTOM BASE FOR HINGE-DWD128626 REV-00',90, 'NOS', 1000000);
INSERT INTO raw_material (raw_material_id, material_name, description, quantity_available, quantity_unit, warehouse_id) VALUES (100192, 'BBCFC1341-00', 'LOCATNG BRACKT-PLUG LATERAL WALL 2 COACH',90, 'NOS', 1000000);
INSERT INTO raw_material (raw_material_id, material_name, description, quantity_available, quantity_unit, warehouse_id) VALUES (100193, 'BBCFC1342-00', 'BRACKET FOR FIXATION TYPE 2-DWD128638',90, 'NOS', 1000000);
INSERT INTO raw_material (raw_material_id, material_name, description, quantity_available, quantity_unit, warehouse_id) VALUES (100194, 'BBCFC1343-00', 'BRACKET INTERFACE CUBICLE ROOF ARCHES',90, 'NOS', 1000000);
INSERT INTO raw_material (raw_material_id, material_name, description, quantity_available, quantity_unit, warehouse_id) VALUES (100195, 'BBCFC1344-01', 'EQUIPPED BASE-DWD138534-A1',90, 'NOS', 1000000);
INSERT INTO raw_material (raw_material_id, material_name, description, quantity_available, quantity_unit, warehouse_id) VALUES (100196, 'BBCFC1345-00', 'BASE FOR HINGE-DWD129058 REV-00',90, 'NOS', 1000000);
INSERT INTO raw_material (raw_material_id, material_name, description, quantity_available, quantity_unit, warehouse_id) VALUES (100197, 'BBCFC1346-00', 'LOCATNG BRACKT-PLUG LATERAL WALL 2 COACH',90, 'NOS', 1000000);
INSERT INTO raw_material (raw_material_id, material_name, description, quantity_available, quantity_unit, warehouse_id) VALUES (100198, 'BBCFC1347-00', 'EQUIPPED COUNTER KNIFE-AD1201959 REV-00',90, 'NOS', 1000000);
INSERT INTO raw_material (raw_material_id, material_name, description, quantity_available, quantity_unit, warehouse_id) VALUES (100199, 'BBCFC1348-01', 'FLOOR COVERING-DWD166695 REV-01',90, 'NOS', 1000000);
INSERT INTO raw_material (raw_material_id, material_name, description, quantity_available, quantity_unit, warehouse_id) VALUES (100200, 'BBCFC1349-01', 'FLOOR COVERING-DWD166735 REV-01',90, 'NOS', 1000000);
INSERT INTO raw_material (raw_material_id, material_name, description, quantity_available, quantity_unit, warehouse_id) VALUES (100201, 'BBCFC1350-01', 'FLOOR COVERING-DWD166775 REV-01',90, 'NOS', 1000000);
INSERT INTO raw_material (raw_material_id, material_name, description, quantity_available, quantity_unit, warehouse_id) VALUES (100202, 'BBCFC1351-00', 'BOTTOM BASE FOR HINGE-DWD128891 REV-A1',90, 'NOS', 1000000);
INSERT INTO raw_material (raw_material_id, material_name, description, quantity_available, quantity_unit, warehouse_id) VALUES (100203, 'BBCFC1352-01', 'EQUIPPED BASE-DWD128655-A2',90, 'NOS', 1000000);
INSERT INTO raw_material (raw_material_id, material_name, description, quantity_available, quantity_unit, warehouse_id) VALUES (100204, 'BBCFC1354-00', 'BRACKET FOR FIXATION-DWD128906 REV-00',90, 'NOS', 1000000);
INSERT INTO raw_material (raw_material_id, material_name, description, quantity_available, quantity_unit, warehouse_id) VALUES (100205, 'BBCFC1355-01', 'FINISHING PLATE-DWD143868 REV-B0',90, 'NOS', 1000000);
INSERT INTO raw_material (raw_material_id, material_name, description, quantity_available, quantity_unit, warehouse_id) VALUES (100206, 'BBCFC1356-00', 'BRACKET INTERFACE CUBICLE ROOF ARCHES',90, 'NOS', 1000000);
INSERT INTO raw_material (raw_material_id, material_name, description, quantity_available, quantity_unit, warehouse_id) VALUES (100207, 'BBCFC1357-00', 'FOLDED PLATE-DWD128936 REV-00',90, 'NOS', 1000000);
INSERT INTO raw_material (raw_material_id, material_name, description, quantity_available, quantity_unit, warehouse_id) VALUES (100208, 'BBCFC1358-00', 'GRILLE DOOR-DWD128922 REV-00',90, 'NOS', 1000000);
INSERT INTO raw_material (raw_material_id, material_name, description, quantity_available, quantity_unit, warehouse_id) VALUES (100209, 'BBCFC1359-00', 'EQUIPPED BASE-DWD128900 REV-00',90, 'NOS', 1000000);
INSERT INTO raw_material (raw_material_id, material_name, description, quantity_available, quantity_unit, warehouse_id) VALUES (100210, 'BBCFC1360-01', 'FINISHING PLATE-DWD143999 REV-B0',90, 'NOS', 1000000);
INSERT INTO raw_material (raw_material_id, material_name, description, quantity_available, quantity_unit, warehouse_id) VALUES (100211, 'BBCFC1362-00', 'ANGLE FOR SAFETY CABLE-DWD128726 REV-00',90, 'NOS', 1000000);
INSERT INTO raw_material (raw_material_id, material_name, description, quantity_available, quantity_unit, warehouse_id) VALUES (100212, 'BBCFC1363-00', 'EQUIPPED LEDSTRIP BASE-DWD128732 REV-00',90, 'NOS', 1000000);
INSERT INTO raw_material (raw_material_id, material_name, description, quantity_available, quantity_unit, warehouse_id) VALUES (100213, 'BBCFC1366-00', 'LED DIFFUSION OPAL POLYCARB 640X158X3mm',90, 'NOS', 1000000);
INSERT INTO raw_material (raw_material_id, material_name, description, quantity_available, quantity_unit, warehouse_id) VALUES (100214, 'BBCFC1367-00', 'EQUIPPED STUD WELD-DWD128741 REV-00',90, 'NOS', 1000000);
INSERT INTO raw_material (raw_material_id, material_name, description, quantity_available, quantity_unit, warehouse_id) VALUES (100215, 'BBCFC1368-00', 'BRACKET FOR CABLE-DWD128745 REV-00',90, 'NOS', 1000000);
INSERT INTO raw_material (raw_material_id, material_name, description, quantity_available, quantity_unit, warehouse_id) VALUES (100216, 'BBCFC1369-00', 'EQUIPED BRACKET FOR INTERIOR SPEAKER',90, 'NOS', 1000000);
INSERT INTO raw_material (raw_material_id, material_name, description, quantity_available, quantity_unit, warehouse_id) VALUES (100217, 'BBCFC1370-00', 'BRACKET FOR LS FIXATION TYPE 2 DWD128759',90, 'NOS', 1000000);
INSERT INTO raw_material (raw_material_id, material_name, description, quantity_available, quantity_unit, warehouse_id) VALUES (100218, 'BBCFC1371-01', 'END FRAME BRACKET-DWD128765 REV-01',90, 'NOS', 1000000);
INSERT INTO raw_material (raw_material_id, material_name, description, quantity_available, quantity_unit, warehouse_id) VALUES (100219, 'BBCFC1373-00', 'FOLDED PLATE-DWD128782 REV-00',90, 'NOS', 1000000);
INSERT INTO raw_material (raw_material_id, material_name, description, quantity_available, quantity_unit, warehouse_id) VALUES (100220, 'BBCFC1374-00', 'POLYCARBONATE DISPLAY CLEAR 968X120X3mm',90, 'NOS', 1000000);
INSERT INTO raw_material (raw_material_id, material_name, description, quantity_available, quantity_unit, warehouse_id) VALUES (100221, 'BBCFC1375-00', 'FOLDED PLATE-DWD128788 REV-00',90, 'NOS', 1000000);
INSERT INTO raw_material (raw_material_id, material_name, description, quantity_available, quantity_unit, warehouse_id) VALUES (100222, 'BBCFC1376-00', 'EQUIPED FOLDED PLATE-DWD128794 REV-00',90, 'NOS', 1000000);
INSERT INTO raw_material (raw_material_id, material_name, description, quantity_available, quantity_unit, warehouse_id) VALUES (100223, 'BBCFC1377-00', 'EQUIPED BRACKET FOR SAFETY CABLE',90, 'NOS', 1000000);
INSERT INTO raw_material (raw_material_id, material_name, description, quantity_available, quantity_unit, warehouse_id) VALUES (100224, 'BBCFC1378-00', 'BASE FOR INTERIORS DISPLAY EQUIPPED',90, 'NOS', 1000000);
INSERT INTO raw_material (raw_material_id, material_name, description, quantity_available, quantity_unit, warehouse_id) VALUES (100225, 'BBCFC1379-00', 'BASE FOR INTERIORS DISPLAY EQUIPPED',90, 'NOS', 1000000);
INSERT INTO raw_material (raw_material_id, material_name, description, quantity_available, quantity_unit, warehouse_id) VALUES (100226, 'BBCFC1380-01', 'END FRAME BRACKET TYPE 2-DWD128829',90, 'NOS', 1000000);
INSERT INTO raw_material (raw_material_id, material_name, description, quantity_available, quantity_unit, warehouse_id) VALUES (100227, 'BBCFC1381-01', 'BRACKET FOR TOP CUBICLE FIXATION',90, 'NOS', 1000000);
INSERT INTO raw_material (raw_material_id, material_name, description, quantity_available, quantity_unit, warehouse_id) VALUES (100228, 'BBCFC1382-00', 'EQUIPPED STUD PLATE FOR INTERFACE SS304',90, 'NOS', 1000000);
INSERT INTO raw_material (raw_material_id, material_name, description, quantity_available, quantity_unit, warehouse_id) VALUES (100229, 'BBCFC1386-00', 'WELDED SUPPORT-CDD583476-102-RA',90, 'NOS', 1000000);
INSERT INTO raw_material (raw_material_id, material_name, description, quantity_available, quantity_unit, warehouse_id) VALUES (100230, 'BBCFC1387-00', 'BRACKET FOR END CAR DOOR PILLAR',90, 'NOS', 1000000);
INSERT INTO raw_material (raw_material_id, material_name, description, quantity_available, quantity_unit, warehouse_id) VALUES (100231, 'BBCFC1421-00', 'TIP UP SEAT BRACKET TYPE 01 SS304',90, 'NOS', 1000000);
INSERT INTO raw_material (raw_material_id, material_name, description, quantity_available, quantity_unit, warehouse_id) VALUES (100232, 'BBCFC1422-00', 'TIP UP SEAT BRACKET TYPE 02 SS304',90, 'NOS', 1000000);
INSERT INTO raw_material (raw_material_id, material_name, description, quantity_available, quantity_unit, warehouse_id) VALUES (100233, 'BBCFC1423-00', 'TIP UP SEAT BRACKET TYPE 03 SS304',90, 'NOS', 1000000);
INSERT INTO raw_material (raw_material_id, material_name, description, quantity_available, quantity_unit, warehouse_id) VALUES (100234, 'BBCFC1424-00', 'TIP UP SEAT BRACKET TYPE 04 SS304',90, 'NOS', 1000000);
INSERT INTO raw_material (raw_material_id, material_name, description, quantity_available, quantity_unit, warehouse_id) VALUES (100235, 'BBCFC1425-00', 'FIXATION BRACKET SS304-ADD1318197 REV-A0',90, 'NOS', 1000000);
INSERT INTO raw_material (raw_material_id, material_name, description, quantity_available, quantity_unit, warehouse_id) VALUES (100236, 'BBCFC1427-00', 'EQUIPPED DOOR PILLAR BRACKET SS304',90, 'NOS', 1000000);
INSERT INTO raw_material (raw_material_id, material_name, description, quantity_available, quantity_unit, warehouse_id) VALUES (100237, 'BBCFC1428-00', 'HINGE BRACKET SS304-DWD129841 REV-00',90, 'NOS', 1000000);
INSERT INTO raw_material (raw_material_id, material_name, description, quantity_available, quantity_unit, warehouse_id) VALUES (100238, 'BBCFC1429-00', 'EQUIPPED SWITCH TRAP BRACKET SS304',90, 'NOS', 1000000);
INSERT INTO raw_material (raw_material_id, material_name, description, quantity_available, quantity_unit, warehouse_id) VALUES (100239, 'BBCFC1430-00', 'EQUIPPED KICK BRACKET SS304-DWD129910',90, 'NOS', 1000000);
INSERT INTO raw_material (raw_material_id, material_name, description, quantity_available, quantity_unit, warehouse_id) VALUES (100240, 'BBCFC1431-00', 'EQUIPPED BAR SUPPORT TYPE 5 SYM SS304',90, 'NOS', 1000000);
INSERT INTO raw_material (raw_material_id, material_name, description, quantity_available, quantity_unit, warehouse_id) VALUES (100241, 'BBCFC1432-00', 'EQUIPPED BAR SUPPORT TYPE 6 SYM SS304',90, 'NOS', 1000000);
INSERT INTO raw_material (raw_material_id, material_name, description, quantity_available, quantity_unit, warehouse_id) VALUES (100242, 'BBCFC1433-00', 'STAINLESS STEEL CAGE AND NUT #M08XCX123',90, 'NOS', 1000000);
INSERT INTO raw_material (raw_material_id, material_name, description, quantity_available, quantity_unit, warehouse_id) VALUES (100243, 'BBCFC1434-00', 'EQUIPPED ROOF ARCH BRACKET RIGHT SS304',90, 'NOS', 1000000);
INSERT INTO raw_material (raw_material_id, material_name, description, quantity_available, quantity_unit, warehouse_id) VALUES (100244, 'BBCFC1436-00', 'DOOR PILLAR HATCH GRILL SS304-DWD130364',90, 'NOS', 1000000);
INSERT INTO raw_material (raw_material_id, material_name, description, quantity_available, quantity_unit, warehouse_id) VALUES (100245, 'BBCFC1437-00', 'SWITCH PLATE SS304-DWD130413 REV-00',90, 'NOS', 1000000);
INSERT INTO raw_material (raw_material_id, material_name, description, quantity_available, quantity_unit, warehouse_id) VALUES (100246, 'BBCFC1438-01', 'EQUIPPED SWITCH TRAP SS304-DWD130527',90, 'NOS', 1000000);
INSERT INTO raw_material (raw_material_id, material_name, description, quantity_available, quantity_unit, warehouse_id) VALUES (100247, 'BBCFC1440-00', 'EQUIPPED ENDWALL MOUNTING BRACKET SS304',90, 'NOS', 1000000);
INSERT INTO raw_material (raw_material_id, material_name, description, quantity_available, quantity_unit, warehouse_id) VALUES (100248, 'BBCFC1452-00', 'EQUIPPED BAR SUPPORT TYPE 5 SS304',90, 'NOS', 1000000);
INSERT INTO raw_material (raw_material_id, material_name, description, quantity_available, quantity_unit, warehouse_id) VALUES (100249, 'BBCFC1453-00', 'EQUIPPED BAR SUPPORT TYPE 6 SS304',90, 'NOS', 1000000);
INSERT INTO raw_material (raw_material_id, material_name, description, quantity_available, quantity_unit, warehouse_id) VALUES (100250, 'BBCFC1454-00', 'EQUIPPED ROOF ARCH BRACKET LEFT SS304',90, 'NOS', 1000000);
INSERT INTO raw_material (raw_material_id, material_name, description, quantity_available, quantity_unit, warehouse_id) VALUES (100251, 'BBCFC1455-00', 'SPRING HINGE PINET_71-1-3560 SS304',90, 'NOS', 1000000);
INSERT INTO raw_material (raw_material_id, material_name, description, quantity_available, quantity_unit, warehouse_id) VALUES (100252, 'BBCFC1497-00', 'CUBICLE HINGE BRACKET EQUIPPED SS304',90, 'NOS', 1000000);
INSERT INTO raw_material (raw_material_id, material_name, description, quantity_available, quantity_unit, warehouse_id) VALUES (100253, 'BBCFC1498-00', 'CUBICLE STUD PLATE EQUIPPED SS304',90, 'NOS', 1000000);
INSERT INTO raw_material (raw_material_id, material_name, description, quantity_available, quantity_unit, warehouse_id) VALUES (100254, 'BBCFC1499-00', 'PARTITION WALL BRACKET SS304',90, 'NOS', 1000000);
INSERT INTO raw_material (raw_material_id, material_name, description, quantity_available, quantity_unit, warehouse_id) VALUES (100255, 'BBCFC1500-00', 'EQUIPPED BAR SUPPORT TYPE 7 SS304',90, 'NOS', 1000000);
INSERT INTO raw_material (raw_material_id, material_name, description, quantity_available, quantity_unit, warehouse_id) VALUES (100256, 'BBCFC1501-00', 'EQUIPPED PASSENGER HANDBAR CUBICLE STEEL',90, 'NOS', 1000000);
INSERT INTO raw_material (raw_material_id, material_name, description, quantity_available, quantity_unit, warehouse_id) VALUES (100257, 'BBCFC1502-00', 'EQUIPPED BAR SUPPORT TYPE 8 SS 304',90, 'NOS', 1000000);
INSERT INTO raw_material (raw_material_id, material_name, description, quantity_available, quantity_unit, warehouse_id) VALUES (100258, 'BBCFC1503-00', 'EQUIPPED DOOR STUD PLATE SS 304',90, 'NOS', 1000000);
INSERT INTO raw_material (raw_material_id, material_name, description, quantity_available, quantity_unit, warehouse_id) VALUES (100259, 'BBCFC1504-00', 'PIANO HINGE SS 304-DWD151487 REV-0',90, 'NOS', 1000000);
INSERT INTO raw_material (raw_material_id, material_name, description, quantity_available, quantity_unit, warehouse_id) VALUES (100260, 'BBCFC1505-00', 'CUBICLE MOUNTING BRACKET SS304',90, 'NOS', 1000000);
INSERT INTO raw_material (raw_material_id, material_name, description, quantity_available, quantity_unit, warehouse_id) VALUES (100261, 'BBCFC1506-00', 'EQUIPPED PARTITION FRAME BRACKET SS 304',90, 'NOS', 1000000);
INSERT INTO raw_material (raw_material_id, material_name, description, quantity_available, quantity_unit, warehouse_id) VALUES (100262, 'BBCFC1507-00', 'EQUIPPED TOP INTERFACE BRACKET SS 304',90, 'NOS', 1000000);
INSERT INTO raw_material (raw_material_id, material_name, description, quantity_available, quantity_unit, warehouse_id) VALUES (100263, 'BBCFC1508-00', 'EQUIPPED BOTTOM INTERFACE BRACKET SS 304',90, 'NOS', 1000000);
INSERT INTO raw_material (raw_material_id, material_name, description, quantity_available, quantity_unit, warehouse_id) VALUES (100264, 'BBCFC1509-00', 'EQUIPPED PARTITION WALL BRACKET TYPE 2',90, 'NOS', 1000000);
INSERT INTO raw_material (raw_material_id, material_name, description, quantity_available, quantity_unit, warehouse_id) VALUES (100265, 'BBCFC1510-00', 'EQUIPPED PARTITION FRAME BRACKET TYPE 2',90, 'NOS', 1000000);
INSERT INTO raw_material (raw_material_id, material_name, description, quantity_available, quantity_unit, warehouse_id) VALUES (100266, 'BBCFC1511-00', 'DOOR STOPPER RADIAFLEX D25.5 H30 M6',90, 'NOS', 1000000);
INSERT INTO raw_material (raw_material_id, material_name, description, quantity_available, quantity_unit, warehouse_id) VALUES (100267, 'BBCFC1512-00', 'DISPLAY BRACKET SS 304-DWD141064 REV-0',90, 'NOS', 1000000);
INSERT INTO raw_material (raw_material_id, material_name, description, quantity_available, quantity_unit, warehouse_id) VALUES (100268, 'BBCFC1513-00', 'TOP LINING BRACKET SS304-DWD141099 REV-0',90, 'NOS', 1000000);
INSERT INTO raw_material (raw_material_id, material_name, description, quantity_available, quantity_unit, warehouse_id) VALUES (100269, 'BBCFC1514-00', 'TOP LINING ENDWALL MOUNTING BRACKET',90, 'NOS', 1000000);
INSERT INTO raw_material (raw_material_id, material_name, description, quantity_available, quantity_unit, warehouse_id) VALUES (100270, 'BBCFC1515-00', 'FOLDED PLATE SS304-DWD141338 REV-0',90, 'NOS', 1000000);
INSERT INTO raw_material (raw_material_id, material_name, description, quantity_available, quantity_unit, warehouse_id) VALUES (100271, 'BBCFC1516-00', 'EQUIPPED DISPLAY MOUNTING BRACKET RIGHT',90, 'NOS', 1000000);
INSERT INTO raw_material (raw_material_id, material_name, description, quantity_available, quantity_unit, warehouse_id) VALUES (100272, 'BBCFC1517-01', 'DISPLAY GLASS CLEAR SLD BLACK 1055X125X3',90, 'NOS', 1000000);
INSERT INTO raw_material (raw_material_id, material_name, description, quantity_available, quantity_unit, warehouse_id) VALUES (100273, 'BBCFC1518-00', 'EQUIPPED DISPLAY GLASS BRACKET SS304',90, 'NOS', 1000000);
INSERT INTO raw_material (raw_material_id, material_name, description, quantity_available, quantity_unit, warehouse_id) VALUES (100274, 'BBCFC1519-00', 'CAPTIVE SCREW M6 X 20 SS304',90, 'NOS', 1000000);
INSERT INTO raw_material (raw_material_id, material_name, description, quantity_available, quantity_unit, warehouse_id) VALUES (100275, 'BBCFC1520-00', 'GRILLE DOOR TYPE 2 SS 304-DWD164693',90, 'NOS', 1000000);
INSERT INTO raw_material (raw_material_id, material_name, description, quantity_available, quantity_unit, warehouse_id) VALUES (100276, 'BBCFC1521-00', 'BRACKET CUBICLE 2 END FRAME ERTMS SS304',90, 'NOS', 1000000);
INSERT INTO raw_material (raw_material_id, material_name, description, quantity_available, quantity_unit, warehouse_id) VALUES (100277, 'BBCFC1522-00', 'BRACKET CUBICLE 2 END FRAME ERTMS TYP2',90, 'NOS', 1000000);
INSERT INTO raw_material (raw_material_id, material_name, description, quantity_available, quantity_unit, warehouse_id) VALUES (100278, 'BBCFC1523-00', 'REINFORCEMENT PART ERTMS SS304-DWD164690',90, 'NOS', 1000000);
INSERT INTO raw_material (raw_material_id, material_name, description, quantity_available, quantity_unit, warehouse_id) VALUES (100279, 'BBCFC1524-02', 'FLAP FOR RIGHT HATCH RUBBER ALTRO',90, 'NOS', 1000000);
INSERT INTO raw_material (raw_material_id, material_name, description, quantity_available, quantity_unit, warehouse_id) VALUES (100280, 'BBCFC1525-02', 'FLAP FOR LEFT HATCH RUBBER ALTRO',90, 'NOS', 1000000);
INSERT INTO raw_material (raw_material_id, material_name, description, quantity_available, quantity_unit, warehouse_id) VALUES (100281, 'BBCFC1528-00', 'EQUIPPED DISPLAY MOUNTING BRACKET LEFT',90, 'NOS', 1000000);
INSERT INTO raw_material (raw_material_id, material_name, description, quantity_available, quantity_unit, warehouse_id) VALUES (100282, 'BBCFC1532-00', 'WELDED SUPPORT-GLD228927 REV-00',90, 'NOS', 1000000);
INSERT INTO raw_material (raw_material_id, material_name, description, quantity_available, quantity_unit, warehouse_id) VALUES (100283, 'BBCFC2068-00', 'BENT SHEET SS304-CDD584239-101-RB',90, 'NOS', 1000000);
INSERT INTO raw_material (raw_material_id, material_name, description, quantity_available, quantity_unit, warehouse_id) VALUES (100284, 'BBCFC2069-00', 'BENT SHEET-CDD584239-102-RB',90, 'NOS', 1000000);
INSERT INTO raw_material (raw_material_id, material_name, description, quantity_available, quantity_unit, warehouse_id) VALUES (100285, 'BBCFC2070-00', 'PLATE ASSY-GLD243382-RA',90, 'NOS', 1000000);
INSERT INTO raw_material (raw_material_id, material_name, description, quantity_available, quantity_unit, warehouse_id) VALUES (100286, 'BBCFC2071-00', 'GRID SS304-GLD244825-RA',90, 'NOS', 1000000);
INSERT INTO raw_material (raw_material_id, material_name, description, quantity_available, quantity_unit, warehouse_id) VALUES (100287, 'BBCFC2186-00', 'CAGE NUT SHEET-DWD111437-R0',90, 'NOS', 1000000);
INSERT INTO raw_material (raw_material_id, material_name, description, quantity_available, quantity_unit, warehouse_id) VALUES (100288, 'BBCFC2679-01', 'BRACKET SET-DW291979 REV-B',90, 'NOS', 1000000);
INSERT INTO raw_material (raw_material_id, material_name, description, quantity_available, quantity_unit, warehouse_id) VALUES (100289, 'BBCFC2680-00', 'SUPPORT PLATE FOR VELCRO - LM000056467',90, 'NOS', 1000000);
INSERT INTO raw_material (raw_material_id, material_name, description, quantity_available, quantity_unit, warehouse_id) VALUES (100290, 'BBCFC2681-00', 'SUPPORT PLATE FOR VELCRO TYPE 1',90, 'NOS', 1000000);
INSERT INTO raw_material (raw_material_id, material_name, description, quantity_available, quantity_unit, warehouse_id) VALUES (100291, 'BBCFC2682-00', 'SUPPORT PLATE FOR VELCRO TYPE 2',90, 'NOS', 1000000);
INSERT INTO raw_material (raw_material_id, material_name, description, quantity_available, quantity_unit, warehouse_id) VALUES (100292, 'BBCFC2710-00', 'L BRACKET DWD305257-DW305255 REV-RA',90, 'NOS', 1000000);
INSERT INTO raw_material (raw_material_id, material_name, description, quantity_available, quantity_unit, warehouse_id) VALUES (100293, 'BBCFC2711-00', 'Z BRACKET DWD305241-DW305237 REV-RA',90, 'NOS', 1000000);
INSERT INTO raw_material (raw_material_id, material_name, description, quantity_available, quantity_unit, warehouse_id) VALUES (100294, 'BBCFC2712-00', 'STUD PLATE DW305220-DW305222 REV-RA',90, 'NOS', 1000000);
INSERT INTO raw_material (raw_material_id, material_name, description, quantity_available, quantity_unit, warehouse_id) VALUES (100295, 'BBCFC2713-00', 'BRACKET DW305290-DWD305292 REV-RA',90, 'NOS', 1000000);
INSERT INTO raw_material (raw_material_id, material_name, description, quantity_available, quantity_unit, warehouse_id) VALUES (100296, 'BBCFC3837-00', 'INTERFACE BRACKET FOR TOP CUBICLE SS304',90, 'NOS', 1000000);
INSERT INTO raw_material (raw_material_id, material_name, description, quantity_available, quantity_unit, warehouse_id) VALUES (100297, 'BBCFC3877-00', 'PLIERS-DOOR PILLAR FLAP-DWD442521 REV-A0',90, 'NOS', 1000000);
INSERT INTO raw_material (raw_material_id, material_name, description, quantity_available, quantity_unit, warehouse_id) VALUES (100298, 'BBCGE0011-00', 'P36 Sanding Disc',90, 'NOS', 1000000);
INSERT INTO raw_material (raw_material_id, material_name, description, quantity_available, quantity_unit, warehouse_id) VALUES (100299, 'BBCGE0082-00', 'Gloves - Welding Gloves',90, 'NOS', 1000000);
INSERT INTO raw_material (raw_material_id, material_name, description, quantity_available, quantity_unit, warehouse_id) VALUES (100300, 'BBCGE0111-00', 'STR - Woven Strapping 19mm',90, 'ROLL', 1000000);
INSERT INTO raw_material (raw_material_id, material_name, description, quantity_available, quantity_unit, warehouse_id) VALUES (100301, 'BBCGE0112-00', 'Packaging Screw - DRYWALL',90, 'BOX', 1000000);
INSERT INTO raw_material (raw_material_id, material_name, description, quantity_available, quantity_unit, warehouse_id) VALUES (100302, 'BBCGE0113-00', 'Packaging Screw _SC SCrews',90, 'BOX', 1000000);
INSERT INTO raw_material (raw_material_id, material_name, description, quantity_available, quantity_unit, warehouse_id) VALUES (100303, 'BBCGE0114-00', 'Brush - Laminating Brush 1',90, 'NOS', 1000000);
INSERT INTO raw_material (raw_material_id, material_name, description, quantity_available, quantity_unit, warehouse_id) VALUES (100304, 'BBCGE0115-00', 'Brush - Laminating Brush 2',90, 'NOS', 1000000);
INSERT INTO raw_material (raw_material_id, material_name, description, quantity_available, quantity_unit, warehouse_id) VALUES (100305, 'BBCGE0116-00', 'Brush - Laminating Brush 3',90, 'NOS', 1000000);
INSERT INTO raw_material (raw_material_id, material_name, description, quantity_available, quantity_unit, warehouse_id) VALUES (100306, 'BBCGE0117-00', 'Brush - Laminating Brush 4',90, 'NOS', 1000000);
INSERT INTO raw_material (raw_material_id, material_name, description, quantity_available, quantity_unit, warehouse_id) VALUES (100307, 'BBCGE0122-00', 'QRC 412 Quick Chnae Discs 50mm Grain  36',90, 'EACH', 1000000);
INSERT INTO raw_material (raw_material_id, material_name, description, quantity_available, quantity_unit, warehouse_id) VALUES (100308, 'BBCGE0555-00', 'Glove Splendor Lite Medium',90, 'PAIR', 1000000);
INSERT INTO raw_material (raw_material_id, material_name, description, quantity_available, quantity_unit, warehouse_id) VALUES (100309, 'BBCGE0610-00', 'SPRAY CONTACT ADHESIVE HC 77 - 700 ML AL',90, 'NOS', 1000000);
INSERT INTO raw_material (raw_material_id, material_name, description, quantity_available, quantity_unit, warehouse_id) VALUES (100310, 'BBCGE1343-00', 'Sellotape- 48mmx 50mtr',90, 'NOS', 1000000);
INSERT INTO raw_material (raw_material_id, material_name, description, quantity_available, quantity_unit, warehouse_id) VALUES (100311, 'BBCGE1536-00', 'Buffing - Buffing Machine (Pneumatic Ang',90, 'NOS', 1000000);
INSERT INTO raw_material (raw_material_id, material_name, description, quantity_available, quantity_unit, warehouse_id) VALUES (100312, 'BBCGE1537-00', '3mm Drill Bit',90, 'NOS', 1000000);
INSERT INTO raw_material (raw_material_id, material_name, description, quantity_available, quantity_unit, warehouse_id) VALUES (100313, 'BBCGE1538-00', 'Pneumatic Orbital Sander (6)',90, 'NOS', 1000000);
INSERT INTO raw_material (raw_material_id, material_name, description, quantity_available, quantity_unit, warehouse_id) VALUES (100314, 'BBCGE1539-00', 'Pneumatic Grinder',90, 'NOS', 1000000);
INSERT INTO raw_material (raw_material_id, material_name, description, quantity_available, quantity_unit, warehouse_id) VALUES (100315, 'BBCGE1540-00', 'Pneumatic Mini Belt Sander (Pencil Grind',90, 'NOS', 1000000);
INSERT INTO raw_material (raw_material_id, material_name, description, quantity_available, quantity_unit, warehouse_id) VALUES (100316, 'BBCGE1541-00', 'Pencil Sanding paper',90, 'NOS', 1000000);
INSERT INTO raw_material (raw_material_id, material_name, description, quantity_available, quantity_unit, warehouse_id) VALUES (100317, 'BBCGE1542-00', 'Cup - Measuring Cup - 100 Milligram',90, 'NOS', 1000000);
INSERT INTO raw_material (raw_material_id, material_name, description, quantity_available, quantity_unit, warehouse_id) VALUES (100318, 'BBCGE1543-00', 'Cup - Measuring Cup - 500 Milligram',90, 'NOS', 1000000);
INSERT INTO raw_material (raw_material_id, material_name, description, quantity_available, quantity_unit, warehouse_id) VALUES (100319, 'BBCGE1544-00', 'Cup - Measuring Cup - 1 Litre',90, 'NOS', 1000000);
INSERT INTO raw_material (raw_material_id, material_name, description, quantity_available, quantity_unit, warehouse_id) VALUES (100320, 'BBCGE1545-00', 'Cup - Measuring Cup - 2 Litre',90, 'NOS', 1000000);
INSERT INTO raw_material (raw_material_id, material_name, description, quantity_available, quantity_unit, warehouse_id) VALUES (100321, 'BBCGE1546-00', 'Cutting - Cutting Blade (18MM)',90, 'NOS', 1000000);
INSERT INTO raw_material (raw_material_id, material_name, description, quantity_available, quantity_unit, warehouse_id) VALUES (100322, 'BBCGE1547-00', 'Cutting - Knife Blade Big - JTech Brand',90, 'NOS', 1000000);
INSERT INTO raw_material (raw_material_id, material_name, description, quantity_available, quantity_unit, warehouse_id) VALUES (100323, 'BBCGE1548-00', 'Cutting - Rotary Cutter',90, 'NOS', 1000000);
INSERT INTO raw_material (raw_material_id, material_name, description, quantity_available, quantity_unit, warehouse_id) VALUES (100324, 'BBCGE1549-00', 'Sissor',90, 'NOS', 1000000);
INSERT INTO raw_material (raw_material_id, material_name, description, quantity_available, quantity_unit, warehouse_id) VALUES (100325, 'BBCGE1550-00', 'Modelling Plastiline Clay',90, 'NOS', 1000000);
INSERT INTO raw_material (raw_material_id, material_name, description, quantity_available, quantity_unit, warehouse_id) VALUES (100326, 'BBCGE1551-00', 'Strainer - Paint Strainers',90, 'NOS', 1000000);
INSERT INTO raw_material (raw_material_id, material_name, description, quantity_available, quantity_unit, warehouse_id) VALUES (100327, 'BBCGE1552-00', 'Wedge - Plastic Wedge - S',90, 'NOS', 1000000);
INSERT INTO raw_material (raw_material_id, material_name, description, quantity_available, quantity_unit, warehouse_id) VALUES (100328, 'BBCGE1553-00', 'Wedge - Plastic Wedge - M',90, 'NOS', 1000000);
INSERT INTO raw_material (raw_material_id, material_name, description, quantity_available, quantity_unit, warehouse_id) VALUES (100329, 'BBCGE1554-00', 'Wedge - Plastic Wedge - L',90, 'NOS', 1000000);
INSERT INTO raw_material (raw_material_id, material_name, description, quantity_available, quantity_unit, warehouse_id) VALUES (100330, 'BBCGE1555-00', 'Dispensing Bottle',90, 'NOS', 1000000);
INSERT INTO raw_material (raw_material_id, material_name, description, quantity_available, quantity_unit, warehouse_id) VALUES (100331, 'BBCGE1556-00', 'Bristel Roller Brush with Handle',90, 'NOS', 1000000);
INSERT INTO raw_material (raw_material_id, material_name, description, quantity_available, quantity_unit, warehouse_id) VALUES (100332, 'BBCGE1557-00', 'Adhesive - Glue Devil Screwlock',90, 'NOS', 1000000);
INSERT INTO raw_material (raw_material_id, material_name, description, quantity_available, quantity_unit, warehouse_id) VALUES (100333, 'BBCGE1558-00', 'Adhesive - Super Glue',90, 'NOS', 1000000);
INSERT INTO raw_material (raw_material_id, material_name, description, quantity_available, quantity_unit, warehouse_id) VALUES (100334, 'BBCGE1559-00', 'Buffing - Buffing Pads (Single sided) 17',90, 'NOS', 1000000);
INSERT INTO raw_material (raw_material_id, material_name, description, quantity_available, quantity_unit, warehouse_id) VALUES (100335, 'BBCGE1560-00', 'Buffing - Roar Buffing Pads',90, 'NOS', 1000000);
INSERT INTO raw_material (raw_material_id, material_name, description, quantity_available, quantity_unit, warehouse_id) VALUES (100336, 'BBCGE1561-00', 'Buffing - Soft Smooth Buffing Pad',90, 'NOS', 1000000);
INSERT INTO raw_material (raw_material_id, material_name, description, quantity_available, quantity_unit, warehouse_id) VALUES (100337, 'BBCGE1562-00', 'Covers - Cartridge Covers',90, 'NOS', 1000000);
INSERT INTO raw_material (raw_material_id, material_name, description, quantity_available, quantity_unit, warehouse_id) VALUES (100338, 'BBCGE1563-00', 'Disc - Hookit Disc - 150mm - 7 Holes - G',90, 'NOS', 1000000);
INSERT INTO raw_material (raw_material_id, material_name, description, quantity_available, quantity_unit, warehouse_id) VALUES (100339, 'BBCGE1564-00', 'P120 Sanding Disc',90, 'NOS', 1000000);
INSERT INTO raw_material (raw_material_id, material_name, description, quantity_available, quantity_unit, warehouse_id) VALUES (100340, 'BBCGE1567-00', 'Disc - Hookit Disc - 150mm - 7 Holes - G',90, 'NOS', 1000000);
INSERT INTO raw_material (raw_material_id, material_name, description, quantity_available, quantity_unit, warehouse_id) VALUES (100341, 'BBCGE1568-00', 'P320 Sanding Disc',90, 'NOS', 1000000);
INSERT INTO raw_material (raw_material_id, material_name, description, quantity_available, quantity_unit, warehouse_id) VALUES (100342, 'BBCGE1570-00', 'P600 Sanding Disc',90, 'NOS', 1000000);
INSERT INTO raw_material (raw_material_id, material_name, description, quantity_available, quantity_unit, warehouse_id) VALUES (100343, 'BBCGE1589-00', 'ALSTOM BADGE TRASC52510000 REV-A',90, 'NOS', 1000000);
INSERT INTO raw_material (raw_material_id, material_name, description, quantity_available, quantity_unit, warehouse_id) VALUES (100344, 'BBCGE1617-00', 'CATRIDGE 3M ORGANIC/INORGANIC VAPOUR ABE',90, 'NOS', 1000000);
INSERT INTO raw_material (raw_material_id, material_name, description, quantity_available, quantity_unit, warehouse_id) VALUES (100345, 'BBCGE1680-00', '1680 Wing Seal Roll',90, 'MTR', 1000000);
INSERT INTO raw_material (raw_material_id, material_name, description, quantity_available, quantity_unit, warehouse_id) VALUES (100346, 'BBCGE1732-00', 'P1000 Sanding Disc',90, 'NOS', 1000000);
INSERT INTO raw_material (raw_material_id, material_name, description, quantity_available, quantity_unit, warehouse_id) VALUES (100347, 'BBCGE1733-00', 'P1200 Sanding  Disc',90, 'NOS', 1000000);
INSERT INTO raw_material (raw_material_id, material_name, description, quantity_available, quantity_unit, warehouse_id) VALUES (100348, 'BBCGE1734-00', 'Disc - Hookit 260L - 150mm - 50238 - P15',90, 'NOS', 1000000);
INSERT INTO raw_material (raw_material_id, material_name, description, quantity_available, quantity_unit, warehouse_id) VALUES (100349, 'BBCGE1735-00', 'Filters Retainers',90, 'NOS', 1000000);
INSERT INTO raw_material (raw_material_id, material_name, description, quantity_available, quantity_unit, warehouse_id) VALUES (100350, 'BBCGE1736-00', 'Filters - Filters',90, 'NOS', 1000000);
INSERT INTO raw_material (raw_material_id, material_name, description, quantity_available, quantity_unit, warehouse_id) VALUES (100351, 'BBCGE1737-00', 'Jacket - Reflector Jacket - S',90, 'NOS', 1000000);
INSERT INTO raw_material (raw_material_id, material_name, description, quantity_available, quantity_unit, warehouse_id) VALUES (100352, 'BBCGE1738-00', 'Jacket - Reflector Jacket - M',90, 'NOS', 1000000);
INSERT INTO raw_material (raw_material_id, material_name, description, quantity_available, quantity_unit, warehouse_id) VALUES (100353, 'BBCGE1739-00', 'Jacket - Reflector Jacket - L',90, 'NOS', 1000000);
INSERT INTO raw_material (raw_material_id, material_name, description, quantity_available, quantity_unit, warehouse_id) VALUES (100354, 'BBCGE1740-00', 'Jacket - Reflector Jacket - XL',90, 'NOS', 1000000);
INSERT INTO raw_material (raw_material_id, material_name, description, quantity_available, quantity_unit, warehouse_id) VALUES (100355, 'BBCGE1741-00', 'Jacket - Reflector Jacket - XXL',90, 'NOS', 1000000);
INSERT INTO raw_material (raw_material_id, material_name, description, quantity_available, quantity_unit, warehouse_id) VALUES (100356, 'BBCGE1742-00', 'Mask - Dust Mask (FFP1)',90, 'NOS', 1000000);
INSERT INTO raw_material (raw_material_id, material_name, description, quantity_available, quantity_unit, warehouse_id) VALUES (100357, 'BBCGE1743-00', 'Mask - Dust Mask (FFP2)',90, 'NOS', 1000000);
INSERT INTO raw_material (raw_material_id, material_name, description, quantity_available, quantity_unit, warehouse_id) VALUES (100358, 'BBCGE1744-00', 'Overalls - Disposable Painting Overalls',90, 'NOS', 1000000);
INSERT INTO raw_material (raw_material_id, material_name, description, quantity_available, quantity_unit, warehouse_id) VALUES (100359, 'BBCGE1745-00', 'Overalls - Disposable Painting Overalls',90, 'NOS', 1000000);
INSERT INTO raw_material (raw_material_id, material_name, description, quantity_available, quantity_unit, warehouse_id) VALUES (100360, 'BBCGE1746-00', 'Overalls - Disposable Painting Overalls',90, 'NOS', 1000000);
INSERT INTO raw_material (raw_material_id, material_name, description, quantity_available, quantity_unit, warehouse_id) VALUES (100361, 'BBCGE1747-00', 'Overalls - Disposable Painting Overalls',90, 'NOS', 1000000);
INSERT INTO raw_material (raw_material_id, material_name, description, quantity_available, quantity_unit, warehouse_id) VALUES (100362, 'BBCGE1748-00', 'Overalls - Disposable Painting Overalls',90, 'NOS', 1000000);
INSERT INTO raw_material (raw_material_id, material_name, description, quantity_available, quantity_unit, warehouse_id) VALUES (100363, 'BBCGE1749-00', 'Overalls - Disposable Painting Overalls',90, 'NOS', 1000000);
INSERT INTO raw_material (raw_material_id, material_name, description, quantity_available, quantity_unit, warehouse_id) VALUES (100364, 'BBCGE1750-00', 'Overalls - Disposable Painting Overalls',90, 'NOS', 1000000);
INSERT INTO raw_material (raw_material_id, material_name, description, quantity_available, quantity_unit, warehouse_id) VALUES (100365, 'BBCGE1751-00', 'Overalls - Disposable Painting Overalls',90, 'NOS', 1000000);
INSERT INTO raw_material (raw_material_id, material_name, description, quantity_available, quantity_unit, warehouse_id) VALUES (100366, 'BBCGE1752-00', 'Overalls - Disposable Painting Overalls',90, 'NOS', 1000000);
INSERT INTO raw_material (raw_material_id, material_name, description, quantity_available, quantity_unit, warehouse_id) VALUES (100367, 'BBCGE1753-00', 'Overalls - Disposable Painting Overalls',90, 'NOS', 1000000);
INSERT INTO raw_material (raw_material_id, material_name, description, quantity_available, quantity_unit, warehouse_id) VALUES (100368, 'BBCGE1754-00', 'Overalls - Disposable Painting Overalls',90, 'NOS', 1000000);
INSERT INTO raw_material (raw_material_id, material_name, description, quantity_available, quantity_unit, warehouse_id) VALUES (100369, 'BBCGE1755-00', 'Rags - White Cloth Rags',90, 'NOS', 1000000);
INSERT INTO raw_material (raw_material_id, material_name, description, quantity_available, quantity_unit, warehouse_id) VALUES (100370, 'BBCGE1756-00', 'Tongue - Tongue Depressor',90, 'BOX', 1000000);
INSERT INTO raw_material (raw_material_id, material_name, description, quantity_available, quantity_unit, warehouse_id) VALUES (100371, 'BBCGE1757-00', 'Mask - Medium Half Mask',90, 'NOS', 1000000);
INSERT INTO raw_material (raw_material_id, material_name, description, quantity_available, quantity_unit, warehouse_id) VALUES (100372, 'BBCGE1758-00', 'Mould - Dynamic Seal',90, 'MTR', 1000000);
INSERT INTO raw_material (raw_material_id, material_name, description, quantity_available, quantity_unit, warehouse_id) VALUES (100373, 'BBCGE1759-00', 'Infutac Mould Spray',90, 'NOS', 1000000);
INSERT INTO raw_material (raw_material_id, material_name, description, quantity_available, quantity_unit, warehouse_id) VALUES (100374, 'BBCGE1760-00', 'Adhesive - Bostik Smart Adhesive (200ML)',90, 'NOS', 1000000);
INSERT INTO raw_material (raw_material_id, material_name, description, quantity_available, quantity_unit, warehouse_id) VALUES (100375, 'BBCGE1761-00', 'Disc - Abrasive Fibre',90, 'NOS', 1000000);
INSERT INTO raw_material (raw_material_id, material_name, description, quantity_available, quantity_unit, warehouse_id) VALUES (100376, 'BBCGE1762-00', 'Disc - Flap',90, 'NOS', 1000000);
INSERT INTO raw_material (raw_material_id, material_name, description, quantity_available, quantity_unit, warehouse_id) VALUES (100377, 'BBCGE1763-00', 'Hacksaw - Hacksaw Blades',90, 'NOS', 1000000);
INSERT INTO raw_material (raw_material_id, material_name, description, quantity_available, quantity_unit, warehouse_id) VALUES (100378, 'BBCGE1764-00', 'Hacksaw - Hacksaw Frame',90, 'NOS', 1000000);
INSERT INTO raw_material (raw_material_id, material_name, description, quantity_available, quantity_unit, warehouse_id) VALUES (100379, 'BBCGE1765-00', 'Heating - Silicon Pieces Heating',90, 'NOS', 1000000);
INSERT INTO raw_material (raw_material_id, material_name, description, quantity_available, quantity_unit, warehouse_id) VALUES (100380, 'BBCGE1766-00', 'Lubricant - WD40',90, 'NOS', 1000000);
INSERT INTO raw_material (raw_material_id, material_name, description, quantity_available, quantity_unit, warehouse_id) VALUES (100381, 'BBCGE1767-00', 'Scraper - Plastic Scraper',90, 'NOS', 1000000);
INSERT INTO raw_material (raw_material_id, material_name, description, quantity_available, quantity_unit, warehouse_id) VALUES (100382, 'BBCGE1768-00', 'Welding - Welding Rods 50 pcs',90, 'KG', 1000000);
INSERT INTO raw_material (raw_material_id, material_name, description, quantity_available, quantity_unit, warehouse_id) VALUES (100383, 'BBCGE1769-00', 'Cable ties 50 piece/pack',90, 'NOS', 1000000);
INSERT INTO raw_material (raw_material_id, material_name, description, quantity_available, quantity_unit, warehouse_id) VALUES (100384, 'BBCGE1770-00', 'Metal Seal',90, 'NOS', 1000000);
INSERT INTO raw_material (raw_material_id, material_name, description, quantity_available, quantity_unit, warehouse_id) VALUES (100385, 'BBCGE1771-00', 'Q20',90, 'NOS', 1000000);
INSERT INTO raw_material (raw_material_id, material_name, description, quantity_available, quantity_unit, warehouse_id) VALUES (100386, 'BBCGE1772-00', 'Scouring Pads',90, 'NOS', 1000000);
INSERT INTO raw_material (raw_material_id, material_name, description, quantity_available, quantity_unit, warehouse_id) VALUES (100387, 'BBCGE1773-00', 'Cutting Disc for Trimming FRP DIA 4 (C80',90, 'NOS', 1000000);
INSERT INTO raw_material (raw_material_id, material_name, description, quantity_available, quantity_unit, warehouse_id) VALUES (100388, 'BBCGE1774-00', 'Ear - Ear Plugs',90, 'NOS', 1000000);
INSERT INTO raw_material (raw_material_id, material_name, description, quantity_available, quantity_unit, warehouse_id) VALUES (100389, 'BBCGE1775-00', 'Gloves - Cotton Gloves',90, 'NOS', 1000000);
INSERT INTO raw_material (raw_material_id, material_name, description, quantity_available, quantity_unit, warehouse_id) VALUES (100390, 'BBCGE1776-00', 'Gloves - Heavy Duty Gloves',90, 'NOS', 1000000);
INSERT INTO raw_material (raw_material_id, material_name, description, quantity_available, quantity_unit, warehouse_id) VALUES (100391, 'BBCGE1777-00', 'Gloves - Latex Gloves (100 pcs in a box)',90, 'NOS', 1000000);
INSERT INTO raw_material (raw_material_id, material_name, description, quantity_available, quantity_unit, warehouse_id) VALUES (100392, 'BBCGE1778-00', 'Gloves - Rubber Gloves - FRP NEO Yellow/',90, 'NOS', 1000000);
INSERT INTO raw_material (raw_material_id, material_name, description, quantity_available, quantity_unit, warehouse_id) VALUES (100393, 'BBCGE1779-00', 'Gloves - Surgical Gloves - Latex - Blue',90, 'NOS', 1000000);
INSERT INTO raw_material (raw_material_id, material_name, description, quantity_available, quantity_unit, warehouse_id) VALUES (100394, 'BBCGE1780-00', 'Gloves - Green Nitrile G25',90, 'NOS', 1000000);
INSERT INTO raw_material (raw_material_id, material_name, description, quantity_available, quantity_unit, warehouse_id) VALUES (100395, 'BBCGE1781-00', 'Goggles - Safety Goggles - S',90, 'NOS', 1000000);
INSERT INTO raw_material (raw_material_id, material_name, description, quantity_available, quantity_unit, warehouse_id) VALUES (100396, 'BBCGE1782-00', 'Goggles - Safety Goggles - L',90, 'NOS', 1000000);
INSERT INTO raw_material (raw_material_id, material_name, description, quantity_available, quantity_unit, warehouse_id) VALUES (100397, 'BBCGE1783-00', 'Goggles - Safety Goggles - M',90, 'NOS', 1000000);
INSERT INTO raw_material (raw_material_id, material_name, description, quantity_available, quantity_unit, warehouse_id) VALUES (100398, 'BBCGE1784-00', 'Rags - Mixed Colour Cloth Rags',90, 'NOS', 1000000);
INSERT INTO raw_material (raw_material_id, material_name, description, quantity_available, quantity_unit, warehouse_id) VALUES (100399, 'BBCGE1785-00', 'Helmet',90, 'NOS', 1000000);
INSERT INTO raw_material (raw_material_id, material_name, description, quantity_available, quantity_unit, warehouse_id) VALUES (100400, 'BBCGE1786-00', 'Heavy Duty Apron PVC',90, 'NOS', 1000000);
INSERT INTO raw_material (raw_material_id, material_name, description, quantity_available, quantity_unit, warehouse_id) VALUES (100401, 'BBCGE1787-00', 'Kevlar Sleeves',90, 'NOS', 1000000);
INSERT INTO raw_material (raw_material_id, material_name, description, quantity_available, quantity_unit, warehouse_id) VALUES (100402, 'BBCGE1788-00', 'Foam - Foam Plastic',90, 'NOS', 1000000);
INSERT INTO raw_material (raw_material_id, material_name, description, quantity_available, quantity_unit, warehouse_id) VALUES (100403, 'BBCGE1789-00', 'Paper - Brown Paper',90, 'NOS', 1000000);
INSERT INTO raw_material (raw_material_id, material_name, description, quantity_available, quantity_unit, warehouse_id) VALUES (100404, 'BBCGE1790-00', 'Wrap - Bubble Wrap',90, 'NOS', 1000000);
INSERT INTO raw_material (raw_material_id, material_name, description, quantity_available, quantity_unit, warehouse_id) VALUES (100405, 'BBCGE1791-00', 'Wood - Timbers for double window (38mm X',90, 'NOS', 1000000);
INSERT INTO raw_material (raw_material_id, material_name, description, quantity_available, quantity_unit, warehouse_id) VALUES (100406, 'BBCGE1792-00', 'Wood - Timbers for double window (50mm X',90, 'NOS', 1000000);
INSERT INTO raw_material (raw_material_id, material_name, description, quantity_available, quantity_unit, warehouse_id) VALUES (100407, 'BBCGE1793-00', 'Tube - PU Tube',90, 'NOS', 1000000);
INSERT INTO raw_material (raw_material_id, material_name, description, quantity_available, quantity_unit, warehouse_id) VALUES (100408, 'BBCGE1794-00', 'Putty - Multi Purpose Putty',90, 'NOS', 1000000);
INSERT INTO raw_material (raw_material_id, material_name, description, quantity_available, quantity_unit, warehouse_id) VALUES (100409, 'BBCGE1795-00', 'Rack - Tack Rack DX-50',90, 'NOS', 1000000);
INSERT INTO raw_material (raw_material_id, material_name, description, quantity_available, quantity_unit, warehouse_id) VALUES (100410, 'BBCGE1796-00', 'Covering Tape (45cm X 20 M)',90, 'NOS', 1000000);
INSERT INTO raw_material (raw_material_id, material_name, description, quantity_available, quantity_unit, warehouse_id) VALUES (100411, 'BBCGE1797-00', 'Lion Match Boxes',90, 'NOS', 1000000);
INSERT INTO raw_material (raw_material_id, material_name, description, quantity_available, quantity_unit, warehouse_id) VALUES (100412, 'BBCGE1798-00', 'Serviettes 3000`s 1 Ply',90, 'BOX', 1000000);
INSERT INTO raw_material (raw_material_id, material_name, description, quantity_available, quantity_unit, warehouse_id) VALUES (100413, 'BBCGE1799-00', 'Surface Fibre Tissue',90, 'MTR', 1000000);
INSERT INTO raw_material (raw_material_id, material_name, description, quantity_available, quantity_unit, warehouse_id) VALUES (100414, 'BBCGE1800-00', 'Cormet',90, 'NOS', 1000000);
INSERT INTO raw_material (raw_material_id, material_name, description, quantity_available, quantity_unit, warehouse_id) VALUES (100415, 'BBCGE1801-00', 'Cabosil (10 kg) CAB5',90, 'KG', 1000000);
INSERT INTO raw_material (raw_material_id, material_name, description, quantity_available, quantity_unit, warehouse_id) VALUES (100416, 'BBCGE1802-00', 'AA3 4 DMA ACCELERATO',90, 'KG', 1000000);
INSERT INTO raw_material (raw_material_id, material_name, description, quantity_available, quantity_unit, warehouse_id) VALUES (100417, 'BBCGE1803-00', 'Acetone',90, 'KG', 1000000);
INSERT INTO raw_material (raw_material_id, material_name, description, quantity_available, quantity_unit, warehouse_id) VALUES (100418, 'BBCGE1804-00', 'Styrene Monomer - 180',90, 'KG', 1000000);
INSERT INTO raw_material (raw_material_id, material_name, description, quantity_available, quantity_unit, warehouse_id) VALUES (100419, 'BBCGE1805-00', 'Catalyst - CATM50 CL 30Kg BUTAN',90, 'KG', 1000000);
INSERT INTO raw_material (raw_material_id, material_name, description, quantity_available, quantity_unit, warehouse_id) VALUES (100420, 'BBCGE1806-00', 'DMA',90, 'KG', 1000000);
INSERT INTO raw_material (raw_material_id, material_name, description, quantity_available, quantity_unit, warehouse_id) VALUES (100421, 'BBCGE1807-00', 'Clear Resin 232',90, 'KG', 1000000);
INSERT INTO raw_material (raw_material_id, material_name, description, quantity_available, quantity_unit, warehouse_id) VALUES (100422, 'BBCGE1808-00', 'Cobalt -AC1 22 COBALT OCTOAT',90, 'KG', 1000000);
INSERT INTO raw_material (raw_material_id, material_name, description, quantity_available, quantity_unit, warehouse_id) VALUES (100423, 'BBCGE1809-00', 'Mask - Full Face Mask',90, 'NOS', 1000000);
INSERT INTO raw_material (raw_material_id, material_name, description, quantity_available, quantity_unit, warehouse_id) VALUES (100424, 'BBCGE1810-00', 'SMC - SMC Cores',90, 'NOS', 1000000);
INSERT INTO raw_material (raw_material_id, material_name, description, quantity_available, quantity_unit, warehouse_id) VALUES (100425, 'BBCGE1811-00', 'Tape - Blue Masking Tape',90, 'NOS', 1000000);
INSERT INTO raw_material (raw_material_id, material_name, description, quantity_available, quantity_unit, warehouse_id) VALUES (100426, 'BBCGE1812-00', 'Tape - Double Sided Tape',90, 'NOS', 1000000);
INSERT INTO raw_material (raw_material_id, material_name, description, quantity_available, quantity_unit, warehouse_id) VALUES (100427, 'BBCGE1813-00', 'Tape - Masking Tape - 0.5',90, 'NOS', 1000000);
INSERT INTO raw_material (raw_material_id, material_name, description, quantity_available, quantity_unit, warehouse_id) VALUES (100428, 'BBCGE1814-00', 'Tape - Masking Tape  - 1',90, 'NOS', 1000000);
INSERT INTO raw_material (raw_material_id, material_name, description, quantity_available, quantity_unit, warehouse_id) VALUES (100429, 'BBCGE1815-00', 'Masking Tape 48mmx40m 80`',90, 'NOS', 1000000);
INSERT INTO raw_material (raw_material_id, material_name, description, quantity_available, quantity_unit, warehouse_id) VALUES (100430, 'BBCGE1816-00', 'Tape - Threaded Tape',90, 'NOS', 1000000);
INSERT INTO raw_material (raw_material_id, material_name, description, quantity_available, quantity_unit, warehouse_id) VALUES (100431, 'BBCGE1817-00', 'SMC -PE Plastic Rolls (23-25 Microns 102',90, 'NOS', 1000000);
INSERT INTO raw_material (raw_material_id, material_name, description, quantity_available, quantity_unit, warehouse_id) VALUES (100432, 'BBCGE1818-00', 'SMC - 20 x 100m DUROTHENE PIPE PE100 HDP',90, 'NOS', 1000000);
INSERT INTO raw_material (raw_material_id, material_name, description, quantity_available, quantity_unit, warehouse_id) VALUES (100433, 'BBCGE1819-00', 'Boots - Safety Boots - Size 3',90, 'NOS', 1000000);
INSERT INTO raw_material (raw_material_id, material_name, description, quantity_available, quantity_unit, warehouse_id) VALUES (100434, 'BBCGE1820-00', 'Boots - Safety Boots - Size 4',90, 'NOS', 1000000);
INSERT INTO raw_material (raw_material_id, material_name, description, quantity_available, quantity_unit, warehouse_id) VALUES (100435, 'BBCGE1821-00', 'Boots - Safety Boots - Size 5',90, 'NOS', 1000000);
INSERT INTO raw_material (raw_material_id, material_name, description, quantity_available, quantity_unit, warehouse_id) VALUES (100436, 'BBCGE1822-00', 'Boots - Safety Boots - Size 6',90, 'NOS', 1000000);
INSERT INTO raw_material (raw_material_id, material_name, description, quantity_available, quantity_unit, warehouse_id) VALUES (100437, 'BBCGE1823-00', 'Boots - Safety Boots - Size 7',90, 'NOS', 1000000);
INSERT INTO raw_material (raw_material_id, material_name, description, quantity_available, quantity_unit, warehouse_id) VALUES (100438, 'BBCGE1824-00', 'Boots - Safety Boots - Size 8',90, 'NOS', 1000000);
INSERT INTO raw_material (raw_material_id, material_name, description, quantity_available, quantity_unit, warehouse_id) VALUES (100439, 'BBCGE1825-00', 'Boots - Safety Boots - Size 9',90, 'NOS', 1000000);
INSERT INTO raw_material (raw_material_id, material_name, description, quantity_available, quantity_unit, warehouse_id) VALUES (100440, 'BBCGE1826-00', 'Boots - Safety Boots - Size 10',90, 'NOS', 1000000);
INSERT INTO raw_material (raw_material_id, material_name, description, quantity_available, quantity_unit, warehouse_id) VALUES (100441, 'BBCGE1827-00', 'Boots - Safety Boots - Size 11',90, 'NOS', 1000000);
INSERT INTO raw_material (raw_material_id, material_name, description, quantity_available, quantity_unit, warehouse_id) VALUES (100442, 'BBCGE1828-00', 'Boots - Safety Boots - Size 12',90, 'NOS', 1000000);
INSERT INTO raw_material (raw_material_id, material_name, description, quantity_available, quantity_unit, warehouse_id) VALUES (100443, 'BBCGE1829-00', 'Boots - Shoe Covers - S',90, 'NOS', 1000000);
INSERT INTO raw_material (raw_material_id, material_name, description, quantity_available, quantity_unit, warehouse_id) VALUES (100444, 'BBCGE1830-00', 'Boots - Shoe Covers - M',90, 'NOS', 1000000);
INSERT INTO raw_material (raw_material_id, material_name, description, quantity_available, quantity_unit, warehouse_id) VALUES (100445, 'BBCGE1831-00', 'Boots - Shoe Covers - L',90, 'NOS', 1000000);
INSERT INTO raw_material (raw_material_id, material_name, description, quantity_available, quantity_unit, warehouse_id) VALUES (100446, 'BBCGE1832-00', 'Boots - Shoe Covers - XL',90, 'NOS', 1000000);
INSERT INTO raw_material (raw_material_id, material_name, description, quantity_available, quantity_unit, warehouse_id) VALUES (100447, 'BBCGE1833-00', 'Cream - Barrier Cream',90, 'NOS', 1000000);
INSERT INTO raw_material (raw_material_id, material_name, description, quantity_available, quantity_unit, warehouse_id) VALUES (100448, 'BBCGE1834-00', 'Mask - Respirator - Full Mask',90, 'NOS', 1000000);
INSERT INTO raw_material (raw_material_id, material_name, description, quantity_available, quantity_unit, warehouse_id) VALUES (100449, 'BBCGE1835-00', 'Grey SPR/Poly Conti Suit (Working Suits)',90, 'NOS', 1000000);
INSERT INTO raw_material (raw_material_id, material_name, description, quantity_available, quantity_unit, warehouse_id) VALUES (100450, 'BBCGE1846-00', 'SMC panels Inserts',90, 'NOS', 1000000);
INSERT INTO raw_material (raw_material_id, material_name, description, quantity_available, quantity_unit, warehouse_id) VALUES (100451, 'BBCGE1847-00', 'Bristle Roller:22/25/28*50',90, 'NOS', 1000000);
INSERT INTO raw_material (raw_material_id, material_name, description, quantity_available, quantity_unit, warehouse_id) VALUES (100452, 'BBCGE1848-00', 'Bristle Roller:22/25/28*100',90, 'NOS', 1000000);
INSERT INTO raw_material (raw_material_id, material_name, description, quantity_available, quantity_unit, warehouse_id) VALUES (100453, 'BBCGE1849-00', 'Bristle Roller:22/25/28*150',90, 'NOS', 1000000);
INSERT INTO raw_material (raw_material_id, material_name, description, quantity_available, quantity_unit, warehouse_id) VALUES (100454, 'BBCGE1850-00', 'Bristle handle',90, 'NOS', 1000000);
INSERT INTO raw_material (raw_material_id, material_name, description, quantity_available, quantity_unit, warehouse_id) VALUES (100455, 'BBCGE1851-00', 'Wool Roller WR-3 7',90, 'NOS', 1000000);
INSERT INTO raw_material (raw_material_id, material_name, description, quantity_available, quantity_unit, warehouse_id) VALUES (100456, 'BBCGE1852-00', 'Wool Roller WR-3 9',90, 'NOS', 1000000);
INSERT INTO raw_material (raw_material_id, material_name, description, quantity_available, quantity_unit, warehouse_id) VALUES (100457, 'BBCGE1853-00', 'handle',90, 'NOS', 1000000);
INSERT INTO raw_material (raw_material_id, material_name, description, quantity_available, quantity_unit, warehouse_id) VALUES (100458, 'BBCGE1854-00', 'Wool Roller WR-4 7',90, 'NOS', 1000000);
INSERT INTO raw_material (raw_material_id, material_name, description, quantity_available, quantity_unit, warehouse_id) VALUES (100459, 'BBCGE1855-00', 'White coverall',90, 'EACH', 1000000);
INSERT INTO raw_material (raw_material_id, material_name, description, quantity_available, quantity_unit, warehouse_id) VALUES (100460, 'BBCGE1856-00', 'Combination Mat 600/300',90, 'KG', 1000000);
INSERT INTO raw_material (raw_material_id, material_name, description, quantity_available, quantity_unit, warehouse_id) VALUES (100461, 'BBCGE1857-00', 'Hand Cleaner',90, 'NOS', 1000000);
INSERT INTO raw_material (raw_material_id, material_name, description, quantity_available, quantity_unit, warehouse_id) VALUES (100462, 'BBCGE1858-00', 'Corner Foam',90, 'EACH', 1000000);
INSERT INTO raw_material (raw_material_id, material_name, description, quantity_available, quantity_unit, warehouse_id) VALUES (100463, 'BBCGE1859-00', 'SA-PINE - CRATING',90, 'EACH', 1000000);
INSERT INTO raw_material (raw_material_id, material_name, description, quantity_available, quantity_unit, warehouse_id) VALUES (100464, 'BBCGE1860-00', 'Packaging Straps(Roll) - Chin strap Elas',90, 'NOS', 1000000);
INSERT INTO raw_material (raw_material_id, material_name, description, quantity_available, quantity_unit, warehouse_id) VALUES (100465, 'BBCGE1861-00', 'Armguard 40cm leather',90, 'NOS', 1000000);
INSERT INTO raw_material (raw_material_id, material_name, description, quantity_available, quantity_unit, warehouse_id) VALUES (100466, 'BBCGE1862-00', 'Belt Kidney Elasticised',90, 'NOS', 1000000);
INSERT INTO raw_material (raw_material_id, material_name, description, quantity_available, quantity_unit, warehouse_id) VALUES (100467, 'BBCGE1863-00', 'IN EXT CORE PALLET WRAP',90, 'ROLL', 1000000);
INSERT INTO raw_material (raw_material_id, material_name, description, quantity_available, quantity_unit, warehouse_id) VALUES (100468, 'BBCGE1864-00', 'Head strap attachement 3m 6000 series',90, 'NOS', 1000000);
INSERT INTO raw_material (raw_material_id, material_name, description, quantity_available, quantity_unit, warehouse_id) VALUES (100469, 'BBCGE1865-00', 'Cap Vikela W/Lining',90, 'EA', 1000000);
INSERT INTO raw_material (raw_material_id, material_name, description, quantity_available, quantity_unit, warehouse_id) VALUES (100470, 'BBCGE1866', 'Sanding Belt',90, 'EA', 1000000);
INSERT INTO raw_material (raw_material_id, material_name, description, quantity_available, quantity_unit, warehouse_id) VALUES (100471, 'BBCGE1867-00', 'Earmuff',90, 'EA', 1000000);
INSERT INTO raw_material (raw_material_id, material_name, description, quantity_available, quantity_unit, warehouse_id) VALUES (100472, 'BBCGE1868-00', 'Rain Coat',90, 'EA', 1000000);
INSERT INTO raw_material (raw_material_id, material_name, description, quantity_available, quantity_unit, warehouse_id) VALUES (100473, 'BBCGE1869-00', 'Knee Guard',90, 'UNKNOWN', 1000000);
INSERT INTO raw_material (raw_material_id, material_name, description, quantity_available, quantity_unit, warehouse_id) VALUES (100474, 'BBCGE1870-00', 'Tack Rags',90, 'UNKNOWN', 1000000);
INSERT INTO raw_material (raw_material_id, material_name, description, quantity_available, quantity_unit, warehouse_id) VALUES (100475, 'BBCGE1871-00', 'Blade H/D trim stanley 100 s',90, 'BOX', 1000000);
INSERT INTO raw_material (raw_material_id, material_name, description, quantity_available, quantity_unit, warehouse_id) VALUES (100476, 'BBCGE1884-00', 'Buckle 1000 per bag',90, 'BAG', 1000000);
INSERT INTO raw_material (raw_material_id, material_name, description, quantity_available, quantity_unit, warehouse_id) VALUES (100477, 'BBCGE1886-00', 'Reflective tape on arms & Legs',90, 'UNKNOWN', 1000000);
INSERT INTO raw_material (raw_material_id, material_name, description, quantity_available, quantity_unit, warehouse_id) VALUES (100478, 'BBCGE1890-00', 'Apron PVC 400 gram',90, 'UNKNOWN', 1000000);
INSERT INTO raw_material (raw_material_id, material_name, description, quantity_available, quantity_unit, warehouse_id) VALUES (100479, 'BBCGE1891-00', '150mm Roller long pile G/Fibre',90, 'UNKNOWN', 1000000);
INSERT INTO raw_material (raw_material_id, material_name, description, quantity_available, quantity_unit, warehouse_id) VALUES (100480, 'BBCGE1892-00', '100mmx21mm Alumunium paddle roller',90, 'UNKNOWN', 1000000);
INSERT INTO raw_material (raw_material_id, material_name, description, quantity_available, quantity_unit, warehouse_id) VALUES (100481, 'BBCGE1893-00', 'Conduit PVC 20mmx4mtr',90, 'UNKNOWN', 1000000);
INSERT INTO raw_material (raw_material_id, material_name, description, quantity_available, quantity_unit, warehouse_id) VALUES (100482, 'BBCGE1894-00', 'Eyewash Fluid',90, 'UNKNOWN', 1000000);
INSERT INTO raw_material (raw_material_id, material_name, description, quantity_available, quantity_unit, warehouse_id) VALUES (100483, 'BBCGE1895-00', 'Roller 6x50',90, 'UNKNOWN', 1000000);
INSERT INTO raw_material (raw_material_id, material_name, description, quantity_available, quantity_unit, warehouse_id) VALUES (100484, 'BBCGE1900-00', 'GREY LOCAL PAINT FOR : BRACKETS',90, 'UNKNOWN', 1000000);
INSERT INTO raw_material (raw_material_id, material_name, description, quantity_available, quantity_unit, warehouse_id) VALUES (100485, 'BBCGE1901-00', 'M6 Blind Knurld Inserts',90, 'UNKNOWN', 1000000);
INSERT INTO raw_material (raw_material_id, material_name, description, quantity_available, quantity_unit, warehouse_id) VALUES (100486, 'BBCGE1902-00', 'Jacket Flame Acid',90, 'NOS', 1000000);
INSERT INTO raw_material (raw_material_id, material_name, description, quantity_available, quantity_unit, warehouse_id) VALUES (100487, 'BBCGE1903-00', 'Trouser Flame Acid',90, 'NOS', 1000000);
INSERT INTO raw_material (raw_material_id, material_name, description, quantity_available, quantity_unit, warehouse_id) VALUES (100488, 'BBCGE1990-00', 'PEARL WHITE PAINT FOR BRACKETS',90, 'UNKNOWN', 1000000);
INSERT INTO raw_material (raw_material_id, material_name, description, quantity_available, quantity_unit, warehouse_id) VALUES (100489, 'BBCGE2530-00', 'Adhesive - Bondchem PU40FC',90, 'NOS', 1000000);
INSERT INTO raw_material (raw_material_id, material_name, description, quantity_available, quantity_unit, warehouse_id) VALUES (100490, 'BBCGE3150-00', 'P800 Sanding Disc',90, 'NOS', 1000000);
INSERT INTO raw_material (raw_material_id, material_name, description, quantity_available, quantity_unit, warehouse_id) VALUES (100491, 'BBCHW0094-00', 'HEX SOCKET BUTTON HEAD SS 304 ISO 7380 M',90, 'UNKNOWN', 1000000);
INSERT INTO raw_material (raw_material_id, material_name, description, quantity_available, quantity_unit, warehouse_id) VALUES (100492, 'BBCHW0517-00', 'BOLT HEX HEAD M6X25 MM SS 304 DIN933',90, 'NOS', 1000000);
INSERT INTO raw_material (raw_material_id, material_name, description, quantity_available, quantity_unit, warehouse_id) VALUES (100493, 'BBCHW0539-00', 'BOLT HEX HEAD M8X30 MM SS 304 DIN 933',90, 'UNKNOWN', 1000000);
INSERT INTO raw_material (raw_material_id, material_name, description, quantity_available, quantity_unit, warehouse_id) VALUES (100494, 'BBCHW0580-00', 'NUT HEX M6 SS 304 DIN 934',90, 'NOS', 1000000);
INSERT INTO raw_material (raw_material_id, material_name, description, quantity_available, quantity_unit, warehouse_id) VALUES (100495, 'BBCHW1164-00', 'WASHER 3D DIA 6X18 MM SS 304 DIN9021',90, 'NOS', 1000000);
INSERT INTO raw_material (raw_material_id, material_name, description, quantity_available, quantity_unit, warehouse_id) VALUES (100496, 'BBCHW1221-01', 'CAGE NUT M6  GRIP RANGE 2.6-3.5MM  SS/A2',90, 'UNKNOWN', 1000000);
INSERT INTO raw_material (raw_material_id, material_name, description, quantity_available, quantity_unit, warehouse_id) VALUES (100497, 'BBCHW1233-00', 'BOLT HEX HEAD M6X16 MM SS 304 DIN933',90, 'NOS', 1000000);
INSERT INTO raw_material (raw_material_id, material_name, description, quantity_available, quantity_unit, warehouse_id) VALUES (100498, 'BBCHW1494-00', 'BOX SECTION RETANGULAR 20X10X2MM THK X6m',90, 'NOS', 1000000);
INSERT INTO raw_material (raw_material_id, material_name, description, quantity_available, quantity_unit, warehouse_id) VALUES (100499, 'BBCHW1577-00', 'WASHER COUNTERSUNK M5-16-1.2 SS 304',90, 'NOS', 1000000);
INSERT INTO raw_material (raw_material_id, material_name, description, quantity_available, quantity_unit, warehouse_id) VALUES (100500, 'BBCHW1600-00', 'WASHER CONICAL SPRING SERRATED M5X12  NF',90, 'UNKNOWN', 1000000);
INSERT INTO raw_material (raw_material_id, material_name, description, quantity_available, quantity_unit, warehouse_id) VALUES (100501, 'BBCHW1612-00', '3D WASHER M6 SS304 DIN 9021',90, 'NOS', 1000000);
INSERT INTO raw_material (raw_material_id, material_name, description, quantity_available, quantity_unit, warehouse_id) VALUES (100502, 'BBCHW1616-00', 'CS WASHER M8',90, 'NOS', 1000000);
INSERT INTO raw_material (raw_material_id, material_name, description, quantity_available, quantity_unit, warehouse_id) VALUES (100503, 'BBCHW1710-00', 'SCREW HEX SOCKET BUTTON HEAD M4X15 SS 30',90, 'UNKNOWN', 1000000);
INSERT INTO raw_material (raw_material_id, material_name, description, quantity_available, quantity_unit, warehouse_id) VALUES (100504, 'BBCHW1743-00', 'BOLT HEX M6X25 PROPERTY CLASS 8.8 DIN',90, 'NOS', 1000000);
INSERT INTO raw_material (raw_material_id, material_name, description, quantity_available, quantity_unit, warehouse_id) VALUES (100505, 'BBCHW1767-00', 'BOLT HEX HEAD M8X30 A2-70 EN ISO 4017',90, 'NOS', 1000000);
INSERT INTO raw_material (raw_material_id, material_name, description, quantity_available, quantity_unit, warehouse_id) VALUES (100506, 'BBCHW1769-00', 'NUT HEX M6 A2-70 EN ISO 4032',90, 'NOS', 1000000);
INSERT INTO raw_material (raw_material_id, material_name, description, quantity_available, quantity_unit, warehouse_id) VALUES (100507, 'BBCHW1824-00', 'STAINLESS STEEL CAGE AND N # 46/M06XCX83',90, 'NOS', 1000000);
INSERT INTO raw_material (raw_material_id, material_name, description, quantity_available, quantity_unit, warehouse_id) VALUES (100508, 'BBCHW1827-02', 'CAGE NUT SIMAF REF46-M08XBX123 1.8-3.2mm',90, 'NOS', 1000000);
INSERT INTO raw_material (raw_material_id, material_name, description, quantity_available, quantity_unit, warehouse_id) VALUES (100509, 'BBCHW1836-00', 'SCREW BUTTON HEAD M4X15 MM SS 304',90, 'NOS', 1000000);
INSERT INTO raw_material (raw_material_id, material_name, description, quantity_available, quantity_unit, warehouse_id) VALUES (100510, 'BBCHW1858-00', 'HEXAGONAL BOLT M6X20 DIN ISO 4017 A2-70',90, 'NOS', 1000000);
INSERT INTO raw_material (raw_material_id, material_name, description, quantity_available, quantity_unit, warehouse_id) VALUES (100511, 'BBCHW1970-00', 'FLAT WASHER M6 X18MM OD 1MM THICK A2',90, 'NOS', 1000000);
INSERT INTO raw_material (raw_material_id, material_name, description, quantity_available, quantity_unit, warehouse_id) VALUES (100512, 'BBCHW2004-00', 'HEX BOLT M8X25 EN PROPERTY CLASS A2-70',90, 'NOS', 1000000);
INSERT INTO raw_material (raw_material_id, material_name, description, quantity_available, quantity_unit, warehouse_id) VALUES (100513, 'BBCHW2119-00', 'WASHER VISTOP FOR SCREW DIA 6',90, 'NOS', 1000000);
INSERT INTO raw_material (raw_material_id, material_name, description, quantity_available, quantity_unit, warehouse_id) VALUES (100514, 'BBCHW2214-00', 'SERRATED CS CONTACT WASHER M6 /6.1/14 A2',90, 'NOS', 1000000);
INSERT INTO raw_material (raw_material_id, material_name, description, quantity_available, quantity_unit, warehouse_id) VALUES (100515, 'BBCHW2276-00', 'CS WASHER M4 DIN 6796',90, 'NOS', 1000000);
INSERT INTO raw_material (raw_material_id, material_name, description, quantity_available, quantity_unit, warehouse_id) VALUES (100516, 'BBCHW2643-01', 'CAGE NUT SIMAF REF46-M06XBX83 1.7-2.5mm',90, 'NOS', 1000000);
INSERT INTO raw_material (raw_material_id, material_name, description, quantity_available, quantity_unit, warehouse_id) VALUES (100517, 'BBCHW2644-00', 'SCREW INV CHC.ISO7380-M6X20 SS304',90, 'NOS', 1000000);
INSERT INTO raw_material (raw_material_id, material_name, description, quantity_available, quantity_unit, warehouse_id) VALUES (100518, 'BBCHW2651-00', 'BIGHEAD 38X15MM RECTNGLR ST38-M4-HEX',90, 'NOS', 1000000);
INSERT INTO raw_material (raw_material_id, material_name, description, quantity_available, quantity_unit, warehouse_id) VALUES (100519, 'BBCHW2652-00', 'BIGHEAD 38X12MM RECTNGLR ST38-M5-HEX',90, 'NOS', 1000000);
INSERT INTO raw_material (raw_material_id, material_name, description, quantity_available, quantity_unit, warehouse_id) VALUES (100520, 'BBCHW2653-00', 'BIGHEAD 38X15MM RECTNGLR ST38-M6-HEX',90, 'NOS', 1000000);
INSERT INTO raw_material (raw_material_id, material_name, description, quantity_available, quantity_unit, warehouse_id) VALUES (100521, 'BBCHW2715-00', 'CAGE NUT M8-1.8-3.2 SIMAF REF#46/M08XBX1',90, 'UNKNOWN', 1000000);
INSERT INTO raw_material (raw_material_id, material_name, description, quantity_available, quantity_unit, warehouse_id) VALUES (100522, 'BBCHW2720-00', 'SCREW HEXAGON M6X25-8.8 ISO4017',90, 'UNKNOWN', 1000000);
INSERT INTO raw_material (raw_material_id, material_name, description, quantity_available, quantity_unit, warehouse_id) VALUES (100523, 'BBCHW2721-00', 'WASHER 1-6-200HV ISO7093 STEEL',90, 'NOS', 1000000);
INSERT INTO raw_material (raw_material_id, material_name, description, quantity_available, quantity_unit, warehouse_id) VALUES (100524, 'BBCHW2722-00', 'NUT HEXAGON M6-8 ISO4032',90, 'NOS', 1000000);
INSERT INTO raw_material (raw_material_id, material_name, description, quantity_available, quantity_unit, warehouse_id) VALUES (100525, 'BBCHW2723-00', 'SCREW INV CHC.ISO7380 M6X16-A2-70',90, 'NOS', 1000000);
INSERT INTO raw_material (raw_material_id, material_name, description, quantity_available, quantity_unit, warehouse_id) VALUES (100526, 'BBCHW2788-00', 'NUT HEX M4  DIN 934 / ISO 4032  A2-70',90, 'UNKNOWN', 1000000);
INSERT INTO raw_material (raw_material_id, material_name, description, quantity_available, quantity_unit, warehouse_id) VALUES (100527, 'BBCHW2885-00', 'NUT H.ISO4032-M4-8 SS304-REV-00',90, 'NOS', 1000000);
INSERT INTO raw_material (raw_material_id, material_name, description, quantity_available, quantity_unit, warehouse_id) VALUES (100528, 'BBCHW2908-00', 'WASHER ISO7089-M8-200HV-STEEL SS 304',90, 'NOS', 1000000);
INSERT INTO raw_material (raw_material_id, material_name, description, quantity_available, quantity_unit, warehouse_id) VALUES (100529, 'BBCHW2939-00', 'SCREW H.ISO4017-M5X20',90, 'NOS', 1000000);
INSERT INTO raw_material (raw_material_id, material_name, description, quantity_available, quantity_unit, warehouse_id) VALUES (100530, 'BBCHW2952-00', 'SCREW H.ISO4017-M5X20 A2-70',90, 'NOS', 1000000);
INSERT INTO raw_material (raw_material_id, material_name, description, quantity_available, quantity_unit, warehouse_id) VALUES (100531, 'BBCHW3303-00', 'SCREW INVCHCISO7380 M6X16-A2-70 PHBM0620',90, 'NOS', 1000000);
INSERT INTO raw_material (raw_material_id, material_name, description, quantity_available, quantity_unit, warehouse_id) VALUES (100532, 'BBCRM0348-00', 'THINNER X337 DL3051',90, 'LTR', 1000000);
INSERT INTO raw_material (raw_material_id, material_name, description, quantity_available, quantity_unit, warehouse_id) VALUES (100533, 'BBCRM0358-00', 'LOCTITE 222 THREAD LOCKER LOW (PURPLE)',90, 'NOS', 1000000);
INSERT INTO raw_material (raw_material_id, material_name, description, quantity_available, quantity_unit, warehouse_id) VALUES (100534, 'BBGAS0055-00', 'TEROSON MS 939 290ML BLACK 12 per box',90, 'GMS', 1000000);
INSERT INTO raw_material (raw_material_id, material_name, description, quantity_available, quantity_unit, warehouse_id) VALUES (100535, 'BBGGE0097-00', 'MASKING/JAPAN TAPE YK VINYMASKER # 210 3',90, 'UNKNOWN', 1000000);
INSERT INTO raw_material (raw_material_id, material_name, description, quantity_available, quantity_unit, warehouse_id) VALUES (100536, 'BBGGE2378-00', 'ORING LJF 121705 21.82X 3.53 MM PC851',90, 'NOS', 1000000);
INSERT INTO raw_material (raw_material_id, material_name, description, quantity_available, quantity_unit, warehouse_id) VALUES (100537, 'BBGHW0050-00', 'RIVET DOME HEAD BLIND DIA 4.8 X 16 MM',90, 'NOS', 1000000);
INSERT INTO raw_material (raw_material_id, material_name, description, quantity_available, quantity_unit, warehouse_id) VALUES (100538, 'BBGRM0007-00', 'LOCTITE 496 ( 20 gms)',90, 'GMS', 1000000);
INSERT INTO raw_material (raw_material_id, material_name, description, quantity_available, quantity_unit, warehouse_id) VALUES (100539, 'BBRMD0001-00', 'SMC READY MIX RAW MATERIALS',90, 'BTH', 1000000);
INSERT INTO raw_material (raw_material_id, material_name, description, quantity_available, quantity_unit, warehouse_id) VALUES (100540, 'BBRRM0001-00', 'RTM Woven Roven -900GRM',90, 'KG', 1000000);
INSERT INTO raw_material (raw_material_id, material_name, description, quantity_available, quantity_unit, warehouse_id) VALUES (100541, 'BBRRM0120-00', 'CHOPPED STRAND MAT 300gm per m2',90, 'KG', 1000000);
INSERT INTO raw_material (raw_material_id, material_name, description, quantity_available, quantity_unit, warehouse_id) VALUES (100542, 'BBRRM0121-00', 'CHOPPED STRAND MAT 450gm per m2',90, 'KG', 1000000);
INSERT INTO raw_material (raw_material_id, material_name, description, quantity_available, quantity_unit, warehouse_id) VALUES (100543, 'BBRRM0176-00', 'Rubbing - Forecla Rubbing Compound (FAR0',90, 'NOS', 1000000);
INSERT INTO raw_material (raw_material_id, material_name, description, quantity_available, quantity_unit, warehouse_id) VALUES (100544, 'BBRRM0177-00', 'Compound - Profile Select Compound PRS1',90, 'NOS', 1000000);
INSERT INTO raw_material (raw_material_id, material_name, description, quantity_available, quantity_unit, warehouse_id) VALUES (100545, 'BBRRM0178-00', 'Wax - M9 Carnet Farcla G3 Wax (FAR238)',90, 'NOS', 1000000);
INSERT INTO raw_material (raw_material_id, material_name, description, quantity_available, quantity_unit, warehouse_id) VALUES (100546, 'BBRRM0179-00', 'Farecla -Profile Extra Cut-Paste Compoun',90, 'NOS', 1000000);
INSERT INTO raw_material (raw_material_id, material_name, description, quantity_available, quantity_unit, warehouse_id) VALUES (100547, 'BBRRM0319-00', 'Mould release paste wax - (mirror glaze',90, 'NOS', 1000000);
INSERT INTO raw_material (raw_material_id, material_name, description, quantity_available, quantity_unit, warehouse_id) VALUES (100548, 'BBRRM0565-00', 'FR RESIN RTM (DION F/R PX 840-338)',90, 'KG', 1000000);
INSERT INTO raw_material (raw_material_id, material_name, description, quantity_available, quantity_unit, warehouse_id) VALUES (100549, 'BBRRM0636-00', 'BIAXIAL FABRIC STICHED 0-90 600gm per m2',90, 'KG', 1000000);
INSERT INTO raw_material (raw_material_id, material_name, description, quantity_available, quantity_unit, warehouse_id) VALUES (100550, 'BBRRM0881-00', 'ADHESIVE SG 305 A  ITEM # 30487',90, 'KG', 1000000);
INSERT INTO raw_material (raw_material_id, material_name, description, quantity_available, quantity_unit, warehouse_id) VALUES (100551, 'BBRRM0882-00', 'ACTIVATOR SS 605 B BLACK PAIL 22 KG NETT',90, 'LTR', 1000000);
INSERT INTO raw_material (raw_material_id, material_name, description, quantity_available, quantity_unit, warehouse_id) VALUES (100552, 'BBRRM1030-00', 'PP06013CM-FAUSSE TEINTE 823-7-302',90, 'LTR', 1000000);
INSERT INTO raw_material (raw_material_id, material_name, description, quantity_available, quantity_unit, warehouse_id) VALUES (100553, 'BBRRM1031-00', 'CP06003-DURCISSEUR 857-0-332',90, 'LTR', 1000000);
INSERT INTO raw_material (raw_material_id, material_name, description, quantity_available, quantity_unit, warehouse_id) VALUES (100554, 'BBRRM1297-00', 'Chemlease mold cleaner ez (5 liter can =',90, 'NOS', 1000000);
INSERT INTO raw_material (raw_material_id, material_name, description, quantity_available, quantity_unit, warehouse_id) VALUES (100555, 'BBRRM1359-00', 'DUS70134C CP06011 DURCISSEUR 32DT12M',90, 'LTR', 1000000);
INSERT INTO raw_material (raw_material_id, material_name, description, quantity_available, quantity_unit, warehouse_id) VALUES (100556, 'BBRRM1498-00', 'I-SPRING CORE 2N300PS15 300gm RTM MAT',90, 'KG', 1000000);
INSERT INTO raw_material (raw_material_id, material_name, description, quantity_available, quantity_unit, warehouse_id) VALUES (100557, 'BBRRM1499-00', 'I-SPRING CORE 2N450PS15 450cm RTM MAT',90, 'KG', 1000000);
INSERT INTO raw_material (raw_material_id, material_name, description, quantity_available, quantity_unit, warehouse_id) VALUES (100558, 'BBRRM1676-00', 'I-SPRING CORE 2N200PS15 1270mm 200gm',90, 'KG', 1000000);
INSERT INTO raw_material (raw_material_id, material_name, description, quantity_available, quantity_unit, warehouse_id) VALUES (100559, 'BBRRM1718-00', 'BOSTIK SIMSON ISR 70-08 290ML TUBE',90, 'ML', 1000000);
INSERT INTO raw_material (raw_material_id, material_name, description, quantity_available, quantity_unit, warehouse_id) VALUES (100560, 'BBRRM1879-00', 'TOPCOAT PUS25871G GRIS R90B GLOSS 30/50',90, 'LTR', 1000000);
INSERT INTO raw_material (raw_material_id, material_name, description, quantity_available, quantity_unit, warehouse_id) VALUES (100561, 'BBRRM1880-00', 'TOP COAT PUS25744K NOIR NCS S8505 R80B',90, 'LTR', 1000000);
INSERT INTO raw_material (raw_material_id, material_name, description, quantity_available, quantity_unit, warehouse_id) VALUES (100562, 'BBRRM1881-00', 'GRIS PEARL M3686_SMC PAINT',90, 'LTR', 1000000);
INSERT INTO raw_material (raw_material_id, material_name, description, quantity_available, quantity_unit, warehouse_id) VALUES (100563, 'BBRRM1882-00', 'TOP COAT PUS25879G GRIS S7010 R90B',90, 'LTR', 1000000);
INSERT INTO raw_material (raw_material_id, material_name, description, quantity_available, quantity_unit, warehouse_id) VALUES (100564, 'BBRRM1883-00', 'BASE COAT PUS40553K NOIR RAL9005 T1555',90, 'LTR', 1000000);
INSERT INTO raw_material (raw_material_id, material_name, description, quantity_available, quantity_unit, warehouse_id) VALUES (100565, 'BBRRM1884-00', 'BASE COAT PUS40687B NCS S1565 B M2365',90, 'LTR', 1000000);
INSERT INTO raw_material (raw_material_id, material_name, description, quantity_available, quantity_unit, warehouse_id) VALUES (100566, 'BBRRM1885-00', 'BASE COAT PUS40690W BLANC RDS0009000',90, 'LTR', 1000000);
INSERT INTO raw_material (raw_material_id, material_name, description, quantity_available, quantity_unit, warehouse_id) VALUES (100567, 'BBRRM1886-00', 'VERNIS PUS50077C-JA06001VF-BECKRYCOT',90, 'LTR', 1000000);
INSERT INTO raw_material (raw_material_id, material_name, description, quantity_available, quantity_unit, warehouse_id) VALUES (100568, 'BBRRM1887-00', 'BASE COAT DUS70130C/00002L',90, 'LTR', 1000000);
INSERT INTO raw_material (raw_material_id, material_name, description, quantity_available, quantity_unit, warehouse_id) VALUES (100569, 'BBRRM1893-00', 'NORPOL GELCOAT M1 GRADE GD 11008SEX3',90, 'KG', 1000000);
INSERT INTO raw_material (raw_material_id, material_name, description, quantity_available, quantity_unit, warehouse_id) VALUES (100570, 'BBRRM1961-00', 'PIR FOAM 2000MM X 1000MM X 20MM 80 KG/M3',90, 'NOS', 1000000);
INSERT INTO raw_material (raw_material_id, material_name, description, quantity_available, quantity_unit, warehouse_id) VALUES (100571, 'BBRRM1977-00', 'FOAM ONE SIDE ADHESIVE 10X10MM',90, 'MTR', 1000000);
INSERT INTO raw_material (raw_material_id, material_name, description, quantity_available, quantity_unit, warehouse_id) VALUES (100572, 'BBRRM2009-00', 'Foam 15x15 onesided Adhesive AMM70',90, 'MTR', 1000000);
INSERT INTO raw_material (raw_material_id, material_name, description, quantity_available, quantity_unit, warehouse_id) VALUES (100573, 'BBRRM2010-00', 'JOINT MOUSSE CELLULAIRE ADHESIVE',90, 'MTR', 1000000);
INSERT INTO raw_material (raw_material_id, material_name, description, quantity_available, quantity_unit, warehouse_id) VALUES (100574, 'BBRRM2125-00', 'PIR FOAM SLAB 80KG m3 2mX1mX12mm density',90, 'NOS', 1000000);
INSERT INTO raw_material (raw_material_id, material_name, description, quantity_available, quantity_unit, warehouse_id) VALUES (100575, 'BBSMC0001-00', 'Martinal 904 ATH',90, 'UNKNOWN', 1000000);
INSERT INTO raw_material (raw_material_id, material_name, description, quantity_available, quantity_unit, warehouse_id) VALUES (100576, 'BBSMC0002-00', 'Martianal ON-310 /ATH Filler (Huber)',90, 'UNKNOWN', 1000000);
INSERT INTO raw_material (raw_material_id, material_name, description, quantity_available, quantity_unit, warehouse_id) VALUES (100577, 'BBSMC0003-00', 'NCS 989',90, 'UNKNOWN', 1000000);
INSERT INTO raw_material (raw_material_id, material_name, description, quantity_available, quantity_unit, warehouse_id) VALUES (100578, 'BBSMC0004-00', 'S1804/2 SMC Resin',90, 'UNKNOWN', 1000000);
INSERT INTO raw_material (raw_material_id, material_name, description, quantity_available, quantity_unit, warehouse_id) VALUES (100579, 'BBSMC0006-00', 'Calcium Stearate',90, 'UNKNOWN', 1000000);
INSERT INTO raw_material (raw_material_id, material_name, description, quantity_available, quantity_unit, warehouse_id) VALUES (100580, 'BBSMC0007-00', 'BYK 996 Wetting Agent',90, 'UNKNOWN', 1000000);
INSERT INTO raw_material (raw_material_id, material_name, description, quantity_available, quantity_unit, warehouse_id) VALUES (100581, 'BBSMC0008-00', 'BYK W 9010 kg',90, 'UNKNOWN', 1000000);
INSERT INTO raw_material (raw_material_id, material_name, description, quantity_available, quantity_unit, warehouse_id) VALUES (100582, 'BBSMC0009-00', 'Trigonox C Catalyst 25Kg',90, 'UNKNOWN', 1000000);
INSERT INTO raw_material (raw_material_id, material_name, description, quantity_available, quantity_unit, warehouse_id) VALUES (100583, 'BBSMC0012-00', 'Clear Packaging Tape pp331',90, 'UNKNOWN', 1000000);
INSERT INTO raw_material (raw_material_id, material_name, description, quantity_available, quantity_unit, warehouse_id) VALUES (100584, 'BBSMC0013-00', 'Woven Roving',90, 'UNKNOWN', 1000000);
INSERT INTO raw_material (raw_material_id, material_name, description, quantity_available, quantity_unit, warehouse_id) VALUES (100585, 'BBSMC0014-00', 'Plastic Bucket 2L',90, 'UNKNOWN', 1000000);
INSERT INTO raw_material (raw_material_id, material_name, description, quantity_available, quantity_unit, warehouse_id) VALUES (100586, 'BBSMC0015-00', 'Roller Long Pile G/Fibere 230mm',90, 'UNKNOWN', 1000000);
INSERT INTO raw_material (raw_material_id, material_name, description, quantity_available, quantity_unit, warehouse_id) VALUES (100587, 'BBSMC0016-00', 'Roller Long Pile G/Fibere 150mm',90, 'UNKNOWN', 1000000);
INSERT INTO raw_material (raw_material_id, material_name, description, quantity_available, quantity_unit, warehouse_id) VALUES (100588, 'BBSMC0017-00', 'Magnesium Oxide (MGO)',90, 'UNKNOWN', 1000000);
INSERT INTO raw_material (raw_material_id, material_name, description, quantity_available, quantity_unit, warehouse_id) VALUES (100589, 'BBSMC0018-00', 'Resin 208',90, 'KG', 1000000);
INSERT INTO raw_material (raw_material_id, material_name, description, quantity_available, quantity_unit, warehouse_id) VALUES (100590, 'BBSMC0019-00', 'Zinc Stearate',90, 'KG', 1000000);
INSERT INTO raw_material (raw_material_id, material_name, description, quantity_available, quantity_unit, warehouse_id) VALUES (100591, 'BBSMC0020-00', 'SMC PRESS-HEAT OIL (20L)',90, '_20L', 1000000);
INSERT INTO raw_material (raw_material_id, material_name, description, quantity_available, quantity_unit, warehouse_id) VALUES (100592, 'BBSMC0021-00', 'SMC Press- Hydrolic Oil (20L)',90, '_20L', 1000000);
INSERT INTO raw_material (raw_material_id, material_name, description, quantity_available, quantity_unit, warehouse_id) VALUES (100593, 'BBSMC1011-00', 'SMC Window Bracket - N000000056297/N0D00',90, 'NOS', 1000000);
INSERT INTO raw_material (raw_material_id, material_name, description, quantity_available, quantity_unit, warehouse_id) VALUES (100594, 'BBSMC1100-00', '5L Plastic Buckets',90, 'NOS', 1000000);
INSERT INTO raw_material (raw_material_id, material_name, description, quantity_available, quantity_unit, warehouse_id) VALUES (100595, 'BBSMC1101-00', 'Plastic Bucket 20L with UDS',90, 'UNKNOWN', 1000000);
INSERT INTO raw_material (raw_material_id, material_name, description, quantity_available, quantity_unit, warehouse_id) VALUES (100596, 'BCGE1862-00', 'Belt Kidney Elasticised',90, 'UNKNOWN', 1000000);
INSERT INTO raw_material (raw_material_id, material_name, description, quantity_available, quantity_unit, warehouse_id) VALUES (100597, 'GARAGEPAPERROLL', 'Garage Paper Roll',90, 'ROLL', 1000000);
INSERT INTO raw_material (raw_material_id, material_name, description, quantity_available, quantity_unit, warehouse_id) VALUES (100598, 'HACK0001', 'Hacksaw - Hacksaw Blades',90, 'NOS', 1000000);
INSERT INTO raw_material (raw_material_id, material_name, description, quantity_available, quantity_unit, warehouse_id) VALUES (100599, 'HACK0002', 'Hacksaw - Hacksaw Frame',90, 'NOS', 1000000);
INSERT INTO raw_material (raw_material_id, material_name, description, quantity_available, quantity_unit, warehouse_id) VALUES (100600, 'LUBR0001', 'Lubricant - WD40',90, 'LTR', 1000000);
INSERT INTO raw_material (raw_material_id, material_name, description, quantity_available, quantity_unit, warehouse_id) VALUES (100601, 'RA0098A0001-00', 'CHEMLEASE #15 MOLD SEALER USG',90, 'NOS', 1000000);
INSERT INTO raw_material (raw_material_id, material_name, description, quantity_available, quantity_unit, warehouse_id) VALUES (100602, 'RA0105A0000-00', 'Chem PMR 41/90 USG Release Agent',90, 'NOS', 1000000);
INSERT INTO raw_material (raw_material_id, material_name, description, quantity_available, quantity_unit, warehouse_id) VALUES (100603, 'SCRA0001', 'Scraper - Plastic Scraper',90, 'NOS', 1000000);


-- SQL
-- UPDATE rawmaterial_id_sequence SET next_val = 100012;
-- H2
-- ALTER sequence rawmaterial_id_sequence restart with 100012;


------------------ Supplier data  ------------------

INSERT INTO supplier (supplier_id, name, location, phone_no) VALUES (1000000, 'Supplier 1', 'GP', '4455336677');
INSERT INTO supplier (supplier_id, name, location, phone_no) VALUES (1000001, 'Supplier 2', 'ZN', '4455336677');
INSERT INTO supplier (supplier_id, name, location, phone_no) VALUES (1000002, 'Supplier 3', 'EC', '4455336677');
INSERT INTO supplier (supplier_id, name, location, phone_no) VALUES (1000003, 'Supplier 4', 'NW', '4455336677');
INSERT INTO supplier (supplier_id, name, location, phone_no) VALUES (1000004, 'Supplier 5', 'LM', '4455336677');
INSERT INTO supplier (supplier_id, name, location, phone_no) VALUES (1000005, 'Supplier 6', 'WC', '4455336677');


-- SQL
-- UPDATE supplier_id_sequence SET next_val = 100006;
-- H2
ALTER sequence supplier_id_sequence restart with 100006;

------------------ Distributor data  ------------------
INSERT INTO distributor (distributor_id, name, location, phone_no) VALUES (1000000, 'Distributor 1', 'GP', '4455336677');
INSERT INTO distributor (distributor_id, name, location, phone_no) VALUES (1000001, 'Distributor 2', 'ZN', '4455336677');
INSERT INTO distributor (distributor_id, name, location, phone_no) VALUES (1000002, 'Distributor 3', 'EC', '4455336677');
INSERT INTO distributor (distributor_id, name, location, phone_no) VALUES (1000003, 'Distributor 4', 'NW', '4455336677');
INSERT INTO distributor (distributor_id, name, location, phone_no) VALUES (1000004, 'Distributor 5', 'LM', '4455336677');
INSERT INTO distributor (distributor_id, name, location, phone_no) VALUES (1000005, 'Distributor 6', 'WC', '4455336677');


-- SQL
-- UPDATE distributor_id_sequence SET next_val = 100006;
-- H2
ALTER sequence distributor_id_sequence restart with 100006;



INSERT INTO raw_material_order (raw_material_order_id, quantity, price_per_unit, quality_check, order_status, delivery_date, expiry_date, ordered_on, supplier_id, raw_material_id) VALUES (1000000, 55, 200, 'Passed', 'Delivered', '2019-05-15', '2025-12-12', '2019-05-11', 1000000, 100003);
INSERT INTO raw_material_order (raw_material_order_id, quantity, price_per_unit, quality_check, order_status, delivery_date, expiry_date, ordered_on, supplier_id, raw_material_id) VALUES (1000002, 55, 200, 'Passed', 'Cancelled', '2019-05-15', '2024-11-12', '2019-05-11', 1000000, 100003);
INSERT INTO raw_material_order (raw_material_order_id, quantity, price_per_unit, quality_check, order_status, delivery_date, expiry_date, ordered_on, supplier_id, raw_material_id) VALUES (1000003, 55, 200, 'Passed', 'Processing', '2019-05-15', '2025-06-12', '2019-05-11', 1000001, 100004);
INSERT INTO raw_material_order (raw_material_order_id, quantity, price_per_unit, quality_check, order_status, delivery_date, expiry_date, ordered_on, supplier_id, raw_material_id) VALUES (1000004, 55, 200, 'Passed', 'Cancelled', '2019-05-15', '2025-03-12', '2019-05-11', 1000001, 100004);
INSERT INTO raw_material_order (raw_material_order_id, quantity, price_per_unit, quality_check, order_status, delivery_date, expiry_date, ordered_on, supplier_id, raw_material_id) VALUES (1000005, 55, 200, 'Failed', 'Delivered', '2019-05-15', '2025-07-12', '2019-05-11', 1000002, 100003);
INSERT INTO raw_material_order (raw_material_order_id, quantity, price_per_unit, quality_check, order_status, delivery_date, expiry_date, ordered_on, supplier_id, raw_material_id) VALUES (1000006, 55, 200, 'Failed', 'Delivered', '2019-05-15', '2025-02-12', '2019-05-11', 1000002, 100002);
INSERT INTO raw_material_order (raw_material_order_id, quantity, price_per_unit, quality_check, order_status, delivery_date, expiry_date, ordered_on, supplier_id, raw_material_id) VALUES (1000007, 55, 200, 'Passed', 'Processing', '2019-05-15', '2025-12-12', '2019-05-11', 1000003, 100005);
INSERT INTO raw_material_order (raw_material_order_id, quantity, price_per_unit, quality_check, order_status, delivery_date, expiry_date, ordered_on, supplier_id, raw_material_id) VALUES (1000008, 55, 200, 'Passed', 'Cancelled', '2019-05-15', '2025-12-12', '2019-05-11', 1000003, 100001);
INSERT INTO raw_material_order (raw_material_order_id, quantity, price_per_unit, quality_check, order_status, delivery_date, expiry_date, ordered_on, supplier_id, raw_material_id) VALUES (1000009, 55, 200, 'Passed', 'Processing', '2019-05-15', '2025-11-12', '2019-05-11', 1000004, 100005);
INSERT INTO raw_material_order (raw_material_order_id, quantity, price_per_unit, quality_check, order_status, delivery_date, expiry_date, ordered_on, supplier_id, raw_material_id) VALUES (1000010, 55, 200, 'Passed', 'Delivered', '2019-05-15', '2025-02-12', '2019-05-11', 1000004, 100002);
INSERT INTO raw_material_order (raw_material_order_id, quantity, price_per_unit, quality_check, order_status, delivery_date, expiry_date, ordered_on, supplier_id, raw_material_id) VALUES (1000011, 55, 200, 'Passed', 'Delivered', '2019-05-15', '2025-12-12', '2019-05-11', 1000005, 100003);
INSERT INTO raw_material_order (raw_material_order_id, quantity, price_per_unit, quality_check, order_status, delivery_date, expiry_date, ordered_on, supplier_id, raw_material_id) VALUES (1000012, 55, 200, 'Passed', 'Cancelled', '2019-05-15', '2025-02-12', '2019-05-11', 1000005, 100004);

-- SQL
-- UPDATE raw_material_order_id_sequence SET next_val = 1000013;
-- H2
ALTER sequence raw_material_order_id_sequence restart with 1000013;


------------------ Distributor data  ------------------
INSERT INTO distributor (distributor_id, name, location, phone_no) VALUES (1000006, 'Distributor t1', 'GP', '4455336677');
INSERT INTO distributor (distributor_id, name, location, phone_no) VALUES (1000007, 'Distributor t2', 'ZN', '4455336677');
INSERT INTO distributor (distributor_id, name, location, phone_no) VALUES (1000008, 'Distributor t3', 'EC', '4455336677');
INSERT INTO distributor (distributor_id, name, location, phone_no) VALUES (1000009, 'Distributor t4', 'NW', '4455336677');
INSERT INTO distributor (distributor_id, name, location, phone_no) VALUES (10000010, 'Distributor t5', 'LM', '4455336677');
INSERT INTO distributor (distributor_id, name, location, phone_no) VALUES (10000011, 'Distributor t6', 'WC', '4455336677');


-- SQL
-- UPDATE distributor_id_sequence SET next_val = 100006;
-- H2
ALTER sequence distributor_id_sequence restart with 1000012;


------------------ Product data  ------------------
insert into product (product_id, material_name, description, quantity_available, quantity_unit, warehouse_id) values (100001,'BBAFB0147-01','DOOR ROOF ARCH PIANO HINGE AD1190696',100,'NOS',1000001);
insert into product (product_id, material_name, description, quantity_available, quantity_unit, warehouse_id) values (100002,'BBAFC0003-00','EQUIPPED BAR SUPPORT TYPE 1 -AD1249905',100,'NOS',1000001);
insert into product (product_id, material_name, description, quantity_available, quantity_unit, warehouse_id) values (100003,'BBAFC0004-00','EQUIPPED BAR SUPPORT TYPE 4 -AD1249955',100,'NOS',1000001);
insert into product (product_id, material_name, description, quantity_available, quantity_unit, warehouse_id) values (100004,'BBAFC0005-00','EQUIPPED PASSENGERS HAND BAR  AD1250303',100,'NOS',1000001);
insert into product (product_id, material_name, description, quantity_available, quantity_unit, warehouse_id) values (100005,'BBCAE2648-00','GENERATOR PMGL 4 KW 350 RPM',100,'NOS',1000001);
insert into product (product_id, material_name, description, quantity_available, quantity_unit, warehouse_id) values (100006,'BBCAM0292-00','LATCH /SPRING HOOK S918705 OSCULATI',100,'NOS',1000001);
insert into product (product_id, material_name, description, quantity_available, quantity_unit, warehouse_id) values (100007,'BBCAM0533-00','FELT STRIP 10X2 MM IN ROLL',100,'MTR',1000001);
insert into product (product_id, material_name, description, quantity_available, quantity_unit, warehouse_id) values (100008,'BBCAM0810-00','FELT SYNTHETIK NEEDLE PUNCHED 2.5 X 20mm',100,'MTR',1000001);
insert into product (product_id, material_name, description, quantity_available, quantity_unit, warehouse_id) values (100009,'BBCAM0936-00','FOAM STRIP 8X10 AM M70 M1F3 [NAT WP]',100,'MTR',1000001);
insert into product (product_id, material_name, description, quantity_available, quantity_unit, warehouse_id) values (100010,'BBCAM1004-00','FOAM GREY AM M70 15 X 6 MM M1/F3 [NCB]',100,'MTR',1000001);
insert into product (product_id, material_name, description, quantity_available, quantity_unit, warehouse_id) values (100011,'BBCAM1253-00','FOAM 10X10 ONE SIDE ADHESIVE AMCO AM M70',100,'MTR',1000001);
insert into product (product_id, material_name, description, quantity_available, quantity_unit, warehouse_id) values (100012,'BBCAM1267-00','FOAM 20X10 ONE SIDE ADHESIVE 20mm face',100,'MTR',1000001);
insert into product (product_id, material_name, description, quantity_available, quantity_unit, warehouse_id) values (100013,'BBCAM1273','Flat Grey Foam 10 x 8 mm',100,'M',1000001);
insert into product (product_id, material_name, description, quantity_available, quantity_unit, warehouse_id) values (100014,'BBCAM1299-00','FELT 20X1 FL NFF 00-149 [NAT]',100,'MTR',1000001);
insert into product (product_id, material_name, description, quantity_available, quantity_unit, warehouse_id) values (100015,'BBCAM1556-00','GROMMET DA TYPE DA 80/100/30 HELAVIA',100,'NOS',1000001);
insert into product (product_id, material_name, description, quantity_available, quantity_unit, warehouse_id) values (100016,'BBCAM1670-00','ONE SIDE ADHESIVE FELT 20mm X 2 mm',100,'MTR',1000001);
insert into product (product_id, material_name, description, quantity_available, quantity_unit, warehouse_id) values (100017,'BBCAM2011-00','CAMLOCK : E5-6-222-111',100,'NOS',1000001);
insert into product (product_id, material_name, description, quantity_available, quantity_unit, warehouse_id) values (100018,'BBCAM2022-00','CAM STEEL',100,'EACH',1000001);
insert into product (product_id, material_name, description, quantity_available, quantity_unit, warehouse_id) values (100019,'BBCAM2045-00','SELF ADHESIVE FOAM PROFILE 10X2',100,'MTR',1000001);
insert into product (product_id, material_name, description, quantity_available, quantity_unit, warehouse_id) values (100020,'BBCAM2073-00','FELT 30 X1MM THK-ONE SIDE ADHESIVE',100,'MTR',1000001);
insert into product (product_id, material_name, description, quantity_available, quantity_unit, warehouse_id) values (100021,'BBCAM2074-00','FELT 10X5MM THK-ONE SIDE ADHESIVE',100,'MTR',1000001);
insert into product (product_id, material_name, description, quantity_available, quantity_unit, warehouse_id) values (100022,'BBCAM2075-00','FELT 60X5MMTHK ONE SIDE ADHESIVE',100,'MTR',1000001);
insert into product (product_id, material_name, description, quantity_available, quantity_unit, warehouse_id) values (100023,'BBCAM2078-00','FELT 15X3 ONE SIDE ADHESIVE',100,'MTR',1000001);
insert into product (product_id, material_name, description, quantity_available, quantity_unit, warehouse_id) values (100024,'BBCAM2089-00','BUBBLE JOINT WINDOW MASK SIDE TYPE3',100,'MTR',1000001);
insert into product (product_id, material_name, description, quantity_available, quantity_unit, warehouse_id) values (100025,'BBCAM2107-00','CAM LOCK : E5-6-222-131',100,'NOS',1000001);
insert into product (product_id, material_name, description, quantity_available, quantity_unit, warehouse_id) values (100026,'BBCAM2108-00','CAMLOCK : E5-6-222-131',100,'NOS',1000001);
insert into product (product_id, material_name, description, quantity_available, quantity_unit, warehouse_id) values (100027,'BBCAM2111-00','CAMLOCK : E5-6-222-091',100,'NOS',1000001);
insert into product (product_id, material_name, description, quantity_available, quantity_unit, warehouse_id) values (100028,'BBCAM2156-00','FOAM 15X10-ONE SIDE ADHESIVE AMM70',100,'MTR',1000001);
insert into product (product_id, material_name, description, quantity_available, quantity_unit, warehouse_id) values (100029,'BBCAM2157-00','FOAM 15X15-ONE SIDE ADHESIVE AMM70',100,'MTR',1000001);
insert into product (product_id, material_name, description, quantity_available, quantity_unit, warehouse_id) values (100030,'BBCAM2158-00','FOAM 25X25 ONE SIDE ADHESIVE AMMCO AMM70',100,'MTR',1000001);
insert into product (product_id, material_name, description, quantity_available, quantity_unit, warehouse_id) values (100031,'BBCAM2159-00','CAMLOCK : E5-6-222-041',100,'NOS',1000001);
insert into product (product_id, material_name, description, quantity_available, quantity_unit, warehouse_id) values (100032,'BBCAM2160-00','CAMLOCK : E5-6-222-061',100,'NOS',1000001);
insert into product (product_id, material_name, description, quantity_available, quantity_unit, warehouse_id) values (100033,'BBCAM2181-00','15X1MM FELT FOR SPEAK BRACKET',100,'MTR',1000001);
insert into product (product_id, material_name, description, quantity_available, quantity_unit, warehouse_id) values (100034,'BBCAM2182-00','CAMLOCK : E5-6-222-141',100,'NOS',1000001);
insert into product (product_id, material_name, description, quantity_available, quantity_unit, warehouse_id) values (100035,'BBCAM2320-00','FELT 60X3MM THK',100,'MTR',1000001);
insert into product (product_id, material_name, description, quantity_available, quantity_unit, warehouse_id) values (100036,'BBCAS0243-00','FELT 30MM X 2MM SINGLE SIDE ADHESIVE',100,'MTR',1000001);
insert into product (product_id, material_name, description, quantity_available, quantity_unit, warehouse_id) values (100037,'BBCAS0244-00','FELT 40MM X 2MM SINGLE SIDE ADHESIVE',100,'MTR',1000001);
insert into product (product_id, material_name, description, quantity_available, quantity_unit, warehouse_id) values (100038,'BBCAS0260-00','DUAL LOCK SJ 35501  WIDE BLACK',100,'MTR',1000001);
insert into product (product_id, material_name, description, quantity_available, quantity_unit, warehouse_id) values (100039,'BBCAS0274-00','Clear Silicon',100,'UNKNOWN',1000001);
insert into product (product_id, material_name, description, quantity_available, quantity_unit, warehouse_id) values (100040,'BBCAS0320-00','FINE LINE TAPE 9MM',100,'ROLL',1000001);
insert into product (product_id, material_name, description, quantity_available, quantity_unit, warehouse_id) values (100041,'BBCFB0003-00','DUAL LOCK 25 MM SJ3551-25MM WIDE-R0',100,'MTR',1000001);
insert into product (product_id, material_name, description, quantity_available, quantity_unit, warehouse_id) values (100042,'BBCFB3037-00','NUT CAGE M6 SIMAF PT46 M06CX123 SS304',100,'NOS',1000001);
insert into product (product_id, material_name, description, quantity_available, quantity_unit, warehouse_id) values (100043,'BBCFC0106-00','WINDOW JOINT SILICON RUBBER BLACK SHORE',100,'MTR',1000001);
insert into product (product_id, material_name, description, quantity_available, quantity_unit, warehouse_id) values (100044,'BBCFC0107-01','SCREWING INSERT PLATE TYPE 1  SS304',100,'NOS',1000001);
insert into product (product_id, material_name, description, quantity_available, quantity_unit, warehouse_id) values (100045,'BBCFC0108-00','BRACKET - FIXATION OF FIXED ROOF ARCHES',100,'NOS',1000001);
insert into product (product_id, material_name, description, quantity_available, quantity_unit, warehouse_id) values (100046,'BBCFC0109-02','BAR SUPPORT TYPE 2 SS304-AD1249927',100,'NOS',1000001);
insert into product (product_id, material_name, description, quantity_available, quantity_unit, warehouse_id) values (100047,'BBCFC0110-00','CENTRAL BRACKET FOR POSITIONING SS304',100,'NOS',1000001);
insert into product (product_id, material_name, description, quantity_available, quantity_unit, warehouse_id) values (100048,'BBCFC0111-00','BRACKET - FIXATION DOOR PILLAR  SS304',100,'NOS',1000001);
insert into product (product_id, material_name, description, quantity_available, quantity_unit, warehouse_id) values (100049,'BBCFC0112-01','PLIERS DOOR PILLAR FLAP SS304-AD1250362',100,'NOS',1000001);
insert into product (product_id, material_name, description, quantity_available, quantity_unit, warehouse_id) values (100050,'BBCFC0113-00','INSERT - FLAP FIXATION SS304',100,'NOS',1000001);
insert into product (product_id, material_name, description, quantity_available, quantity_unit, warehouse_id) values (100051,'BBCFC0116-01','SUPPORT - FLAP PLIERS SS304-AD1250229-A2',100,'NOS',1000001);
insert into product (product_id, material_name, description, quantity_available, quantity_unit, warehouse_id) values (100052,'BBCFC0122-00','PLATE FOR FLAP FIXATION  SS304-AD1270311',100,'NOS',1000001);
insert into product (product_id, material_name, description, quantity_available, quantity_unit, warehouse_id) values (100053,'BBCFC0124-00','EQUIPPED BAR SUPPRT TYPE 4 SYM-AD1282274',100,'NOS',1000001);
insert into product (product_id, material_name, description, quantity_available, quantity_unit, warehouse_id) values (100054,'BBCFC0126-00','EQUIPPED BAR SUPPRT TYPE 1 SYM-AD1282278',100,'NOS',1000001);
insert into product (product_id, material_name, description, quantity_available, quantity_unit, warehouse_id) values (100055,'BBCFC0128-00','INSERT WELDED NUT -AD1295958 REV-01',100,'NOS',1000001);
insert into product (product_id, material_name, description, quantity_available, quantity_unit, warehouse_id) values (100056,'BBCFC0130-01','SHEET-APPEL CONDUCTEUR -AD1306792 REV-B0',100,'NOS',1000001);
insert into product (product_id, material_name, description, quantity_available, quantity_unit, warehouse_id) values (100057,'BBCFC0134-00','SAFETY CABLE -AD1191733 REV-00',100,'NOS',1000001);
insert into product (product_id, material_name, description, quantity_available, quantity_unit, warehouse_id) values (100058,'BBCFC0137-00','FIXATION BRACKET SAFETY CABLE TYPE 2',100,'NOS',1000001);
insert into product (product_id, material_name, description, quantity_available, quantity_unit, warehouse_id) values (100059,'BBCFC0138-00','FIXATION BRACKET TO CBS TYPE 1 AD1192945',100,'NOS',1000001);
insert into product (product_id, material_name, description, quantity_available, quantity_unit, warehouse_id) values (100060,'BBCFC0139-00','FIXATION BRACKET SAFETY CABLE AD1192647',100,'NOS',1000001);
insert into product (product_id, material_name, description, quantity_available, quantity_unit, warehouse_id) values (100061,'BBCFC0140-00','FIXATION BRACKET SAFETY CABLE TYPE 1',100,'NOS',1000001);
insert into product (product_id, material_name, description, quantity_available, quantity_unit, warehouse_id) values (100062,'BBCFC0141-00','LOUD SPEAKER BRACKET -AD1198242 REV-0',100,'NOS',1000001);
insert into product (product_id, material_name, description, quantity_available, quantity_unit, warehouse_id) values (100063,'BBCFC0193-01','BENT SHEET -DT433735 REV-RB',100,'NOS',1000001);
insert into product (product_id, material_name, description, quantity_available, quantity_unit, warehouse_id) values (100064,'BBCFC0194-01','BENT SHEET -DT433802 REV-RB',100,'NOS',1000001);
insert into product (product_id, material_name, description, quantity_available, quantity_unit, warehouse_id) values (100065,'BBCFC0195-01','BENT SHEET -CDD573803-1 REV-RB',100,'NOS',1000001);
insert into product (product_id, material_name, description, quantity_available, quantity_unit, warehouse_id) values (100066,'BBCFC0196-01','BENT SHEET -CDD577450-1 REV-RB',100,'NOS',1000001);
insert into product (product_id, material_name, description, quantity_available, quantity_unit, warehouse_id) values (100067,'BBCFC0197-01','BENT SHEET -DT573803-2 REV-RB',100,'NOS',1000001);
insert into product (product_id, material_name, description, quantity_available, quantity_unit, warehouse_id) values (100068,'BBCFC0198-01','BENT SHEET -DT577450-2 REV-RB',100,'NOS',1000001);
insert into product (product_id, material_name, description, quantity_available, quantity_unit, warehouse_id) values (100069,'BBCFC0200-01','PLATE ASSY -CDD630224-101 RE-RB',100,'NOS',1000001);
insert into product (product_id, material_name, description, quantity_available, quantity_unit, warehouse_id) values (100070,'BBCFC0201-01','PLATE ASSY -CDD630224-102 RE-RB',100,'NOS',1000001);
insert into product (product_id, material_name, description, quantity_available, quantity_unit, warehouse_id) values (100071,'BBCFC0202-01','BENT SHEET -DT450346-RB',100,'NOS',1000001);
insert into product (product_id, material_name, description, quantity_available, quantity_unit, warehouse_id) values (100072,'BBCFC0203-01','BENT SHEET -GL00000036667 REV-RB',100,'NOS',1000001);
insert into product (product_id, material_name, description, quantity_available, quantity_unit, warehouse_id) values (100073,'BBCFC0205-01','WELDED SUPPORT -CDD571386-101 RE-RB',100,'NOS',1000001);
insert into product (product_id, material_name, description, quantity_available, quantity_unit, warehouse_id) values (100074,'BBCFC0206-01','BENT SHEET -CDD570031-1 REV-RB',100,'NOS',1000001);
insert into product (product_id, material_name, description, quantity_available, quantity_unit, warehouse_id) values (100075,'BBCFC0207-01','BENT SHEET -CDD569474-1 REV-RB',100,'NOS',1000001);
insert into product (product_id, material_name, description, quantity_available, quantity_unit, warehouse_id) values (100076,'BBCFC0208-00','WELDED SUPPORT -CDD583467-101REV-RA',100,'NOS',1000001);
insert into product (product_id, material_name, description, quantity_available, quantity_unit, warehouse_id) values (100077,'BBCFC0209-00','WELDED SUPPORT -CDD583476 REV-RA',100,'NOS',1000001);
insert into product (product_id, material_name, description, quantity_available, quantity_unit, warehouse_id) values (100078,'BBCFC0210-01','WELDED SUPPORT -CDD571386-102 RE-RB',100,'NOS',1000001);
insert into product (product_id, material_name, description, quantity_available, quantity_unit, warehouse_id) values (100079,'BBCFC0211-01','BENT SHEET -CDD570031-2 REV-RB',100,'NOS',1000001);
insert into product (product_id, material_name, description, quantity_available, quantity_unit, warehouse_id) values (100080,'BBCFC0212-01','BENT SHEET -CDD569474-2 REV-RB',100,'NOS',1000001);
insert into product (product_id, material_name, description, quantity_available, quantity_unit, warehouse_id) values (100081,'BBCFC0213-00','WELDED SUPPORT -CDD583467-102-RA',100,'NOS',1000001);
insert into product (product_id, material_name, description, quantity_available, quantity_unit, warehouse_id) values (100082,'BBCFC0214-00','FOLDED SHEET EQUIPPED -GLD45656 REV-RA',100,'NOS',1000001);
insert into product (product_id, material_name, description, quantity_available, quantity_unit, warehouse_id) values (100083,'BBCFC0215-00','FOLDED SHEET -DTD449027 REV-RA',100,'NOS',1000001);
insert into product (product_id, material_name, description, quantity_available, quantity_unit, warehouse_id) values (100084,'BBCFC0216-00','FOLDED SHEET -GLD50396-2 REV-RA',100,'NOS',1000001);
insert into product (product_id, material_name, description, quantity_available, quantity_unit, warehouse_id) values (100085,'BBCFC0217-00','FOLDED SHEET -GLD49947-1 REV-RA',100,'NOS',1000001);
insert into product (product_id, material_name, description, quantity_available, quantity_unit, warehouse_id) values (100086,'BBCFC0218-00','FOLDED SHEET -GLD49947-2 REV-RA',100,'NOS',1000001);
insert into product (product_id, material_name, description, quantity_available, quantity_unit, warehouse_id) values (100087,'BBCFC0219-00','FOLDED SHEET -GLD50396-1 REV-RA',100,'NOS',1000001);
insert into product (product_id, material_name, description, quantity_available, quantity_unit, warehouse_id) values (100088,'BBCFC0220-00','FOLDED SHEET WELDED -DT450735 REV-RA',100,'NOS',1000001);
insert into product (product_id, material_name, description, quantity_available, quantity_unit, warehouse_id) values (100089,'BBCFC0221-01','BENT SHEET -CDD588072-2 REV-RB',100,'NOS',1000001);
insert into product (product_id, material_name, description, quantity_available, quantity_unit, warehouse_id) values (100090,'BBCFC0222-02','BENT SHEET -CDD602497-2 REV-RC',100,'NOS',1000001);
insert into product (product_id, material_name, description, quantity_available, quantity_unit, warehouse_id) values (100091,'BBCFC0223-00','BRACKET WELDED -GLD62404 REV-RA',100,'NOS',1000001);
insert into product (product_id, material_name, description, quantity_available, quantity_unit, warehouse_id) values (100092,'BBCFC0224-00','BRACKET WELDED -GLD62389 REV-RA',100,'NOS',1000001);
insert into product (product_id, material_name, description, quantity_available, quantity_unit, warehouse_id) values (100093,'BBCFC0225-01','BENT SHEET -CDD587986-2 REV-RB',100,'NOS',1000001);
insert into product (product_id, material_name, description, quantity_available, quantity_unit, warehouse_id) values (100094,'BBCFC0226-01','BENT SHEET -CDD588072-1 REV-RB',100,'NOS',1000001);
insert into product (product_id, material_name, description, quantity_available, quantity_unit, warehouse_id) values (100095,'BBCFC0227-02','BENT SHEET -CDD602497-1 REV-RC',100,'NOS',1000001);
insert into product (product_id, material_name, description, quantity_available, quantity_unit, warehouse_id) values (100096,'BBCFC0228-01','BENT SHEET -CDD587986-1 REV-RB',100,'NOS',1000001);
insert into product (product_id, material_name, description, quantity_available, quantity_unit, warehouse_id) values (100097,'BBCFC0229-00','PLATE WELDED -GLD26510 REV-RA',100,'NOS',1000001);
insert into product (product_id, material_name, description, quantity_available, quantity_unit, warehouse_id) values (100098,'BBCFC0281-02','WELDED SUPPORT -CDD612253-101 REV-RC',100,'NOS',1000001);
insert into product (product_id, material_name, description, quantity_available, quantity_unit, warehouse_id) values (100099,'BBCFC0282-01','WELDED SUPPORT -CDD634222-101 RE-RB',100,'NOS',1000001);
insert into product (product_id, material_name, description, quantity_available, quantity_unit, warehouse_id) values (100100,'BBCFC0283-02','WELDED SUPPORT -CDD633932-101 RE-RC',100,'NOS',1000001);
insert into product (product_id, material_name, description, quantity_available, quantity_unit, warehouse_id) values (100101,'BBCFC0284-01','WELDED SUPPORT -CDD634409-101 RE-RB',100,'NOS',1000001);
insert into product (product_id, material_name, description, quantity_available, quantity_unit, warehouse_id) values (100102,'BBCFC0285-01','WELDED SUPPORT -CDD634402-101 RE-RB',100,'NOS',1000001);
insert into product (product_id, material_name, description, quantity_available, quantity_unit, warehouse_id) values (100103,'BBCFC0286-01','WELDED PART -CDD638872-101 RE-RB',100,'NOS',1000001);
insert into product (product_id, material_name, description, quantity_available, quantity_unit, warehouse_id) values (100104,'BBCFC0287-00','PLATE ASSY -CDD619797 REV-R2',100,'NOS',1000001);
insert into product (product_id, material_name, description, quantity_available, quantity_unit, warehouse_id) values (100105,'BBCFC0288-00','PLATE ASSY -CDD619800 REV-R2',100,'NOS',1000001);
insert into product (product_id, material_name, description, quantity_available, quantity_unit, warehouse_id) values (100106,'BBCFC0289-02','PLATE ASSY -CDD634308-101 RE-RC',100,'NOS',1000001);
insert into product (product_id, material_name, description, quantity_available, quantity_unit, warehouse_id) values (100107,'BBCFC0290-01','PLATE ASSY -CDD634394-101 RE-RB',100,'NOS',1000001);
insert into product (product_id, material_name, description, quantity_available, quantity_unit, warehouse_id) values (100108,'BBCFC0291-01','PLATE ASSY -CDD634399-101REV-RB',100,'NOS',1000001);
insert into product (product_id, material_name, description, quantity_available, quantity_unit, warehouse_id) values (100109,'BBCFC0292-01','BENT SHEET -CDD625149-1REV-R2',100,'NOS',1000001);
insert into product (product_id, material_name, description, quantity_available, quantity_unit, warehouse_id) values (100110,'BBCFC0293-01','BENT SHEET -CDD619834-1 REV-RB',100,'NOS',1000001);
insert into product (product_id, material_name, description, quantity_available, quantity_unit, warehouse_id) values (100111,'BBCFC0294-02','WELDED SUPPORT -CDD612253-102 REV-RC',100,'NOS',1000001);
insert into product (product_id, material_name, description, quantity_available, quantity_unit, warehouse_id) values (100112,'BBCFC0295-01','WELDED SUPPORT -CDD634222-102REV-RB',100,'NOS',1000001);
insert into product (product_id, material_name, description, quantity_available, quantity_unit, warehouse_id) values (100113,'BBCFC0296-02','WELDED SUPPORT -CDD633932-102REV-RC',100,'NOS',1000001);
insert into product (product_id, material_name, description, quantity_available, quantity_unit, warehouse_id) values (100114,'BBCFC0297-01','WELDED SUPPORT -CDD634409-102REV-RB',100,'NOS',1000001);
insert into product (product_id, material_name, description, quantity_available, quantity_unit, warehouse_id) values (100115,'BBCFC0298-01','WELDED SUPPORT -CDD634402-102REV-RB',100,'NOS',1000001);
insert into product (product_id, material_name, description, quantity_available, quantity_unit, warehouse_id) values (100116,'BBCFC0299-01','WELDED PART -CDD638872-102REV-RB',100,'NOS',1000001);
insert into product (product_id, material_name, description, quantity_available, quantity_unit, warehouse_id) values (100117,'BBCFC0300-02','PLATE ASSY -CDD634308-102REV-RC',100,'NOS',1000001);
insert into product (product_id, material_name, description, quantity_available, quantity_unit, warehouse_id) values (100118,'BBCFC0301-01','PLATE ASSY -CDD634394-102REV-RB',100,'NOS',1000001);
insert into product (product_id, material_name, description, quantity_available, quantity_unit, warehouse_id) values (100119,'BBCFC0302-01','PLATE ASSY -CDD634399-102REV-RB',100,'NOS',1000001);
insert into product (product_id, material_name, description, quantity_available, quantity_unit, warehouse_id) values (100120,'BBCFC0303-01','BENT SHEET -CDD625149-2 REV-RB',100,'NOS',1000001);
insert into product (product_id, material_name, description, quantity_available, quantity_unit, warehouse_id) values (100121,'BBCFC0304-01','BENT SHEET -CDD619834-2 REV-RB',100,'NOS',1000001);
insert into product (product_id, material_name, description, quantity_available, quantity_unit, warehouse_id) values (100122,'BBCFC0305-01','PLATE ASSY -CDD606790-101REV-RB',100,'NOS',1000001);
insert into product (product_id, material_name, description, quantity_available, quantity_unit, warehouse_id) values (100123,'BBCFC0306-01','PLATE ASSY -CDD606790-102REV-RB',100,'NOS',1000001);
insert into product (product_id, material_name, description, quantity_available, quantity_unit, warehouse_id) values (100124,'BBCFC0307-01','PLATE ASSY -CDD592970-101REV-RB',100,'NOS',1000001);
insert into product (product_id, material_name, description, quantity_available, quantity_unit, warehouse_id) values (100125,'BBCFC0308-01','PLATE ASSY -CDD592970-102REV-RB',100,'NOS',1000001);
insert into product (product_id, material_name, description, quantity_available, quantity_unit, warehouse_id) values (100126,'BBCFC0310-00','PLATE ASSY -CDD604199 REV-R2',100,'NOS',1000001);
insert into product (product_id, material_name, description, quantity_available, quantity_unit, warehouse_id) values (100127,'BBCFC0311-01','BENT SHEET -CDD583561-1 REV-RB',100,'NOS',1000001);
insert into product (product_id, material_name, description, quantity_available, quantity_unit, warehouse_id) values (100128,'BBCFC0312-01','BENT SHEET -CDD583561-2 REV-RB',100,'NOS',1000001);
insert into product (product_id, material_name, description, quantity_available, quantity_unit, warehouse_id) values (100129,'BBCFC0313-01','PLATE ASSY -CDD571394-101REV-RB',100,'NOS',1000001);
insert into product (product_id, material_name, description, quantity_available, quantity_unit, warehouse_id) values (100130,'BBCFC0314-01','PLATE ASSY -CDD571394-102REV-RB',100,'NOS',1000001);
insert into product (product_id, material_name, description, quantity_available, quantity_unit, warehouse_id) values (100131,'BBCFC0317-00','ANTENNA PLAT ASSY -GL40072 REV-R2',100,'NOS',1000001);
insert into product (product_id, material_name, description, quantity_available, quantity_unit, warehouse_id) values (100132,'BBCFC0319-00','FRONT CLAMP -GLD51504-101REV-R2',100,'NOS',1000001);
insert into product (product_id, material_name, description, quantity_available, quantity_unit, warehouse_id) values (100133,'BBCFC0320-00','FRONT CLAMP -GLD51504-102REV-R2',100,'NOS',1000001);
insert into product (product_id, material_name, description, quantity_available, quantity_unit, warehouse_id) values (100134,'BBCFC0321-00','FOLDED SHEET -DT391435 REV-R2',100,'NOS',1000001);
insert into product (product_id, material_name, description, quantity_available, quantity_unit, warehouse_id) values (100135,'BBCFC0322-02','REAR BRACKET -DT391526/GLD51526 REV-B0',100,'NOS',1000001);
insert into product (product_id, material_name, description, quantity_available, quantity_unit, warehouse_id) values (100136,'BBCFC0323-00','BRACKET -DT391760 REV-R2',100,'NOS',1000001);
insert into product (product_id, material_name, description, quantity_available, quantity_unit, warehouse_id) values (100137,'BBCFC0324-00','ROLLER BLIND BRACKET -DT406693 REV-R2',100,'NOS',1000001);
insert into product (product_id, material_name, description, quantity_available, quantity_unit, warehouse_id) values (100138,'BBCFC0325-00','FOLDED SHEET -DT388749 REV-R2',100,'NOS',1000001);
insert into product (product_id, material_name, description, quantity_available, quantity_unit, warehouse_id) values (100139,'BBCFC0326-00','CLAMP -DT403216 REV-R2',100,'NOS',1000001);
insert into product (product_id, material_name, description, quantity_available, quantity_unit, warehouse_id) values (100140,'BBCFC0327-00','CEILING FRAME Right bracket GLD49762-1',100,'NOS',1000001);
insert into product (product_id, material_name, description, quantity_available, quantity_unit, warehouse_id) values (100141,'BBCFC0328-00','CEILING FRAME Left bracket GLD49762-2',100,'NOS',1000001);
insert into product (product_id, material_name, description, quantity_available, quantity_unit, warehouse_id) values (100142,'BBCFC0329-00','OMEGA -DT402007 REV-R2',100,'NOS',1000001);
insert into product (product_id, material_name, description, quantity_available, quantity_unit, warehouse_id) values (100143,'BBCFC0330-00','ROOF ARCH BRACKET -GLD29390 REV-R2',100,'NOS',1000001);
insert into product (product_id, material_name, description, quantity_available, quantity_unit, warehouse_id) values (100144,'BBCFC0331-00','CEILING FRAME BRACKET -GLD29422  REV-R2',100,'NOS',1000001);
insert into product (product_id, material_name, description, quantity_available, quantity_unit, warehouse_id) values (100145,'BBCFC0332-00','CLAMP -GLD51435-101REV-R2',100,'NOS',1000001);
insert into product (product_id, material_name, description, quantity_available, quantity_unit, warehouse_id) values (100146,'BBCFC0333-00','CLAMP -GLD51435-102REV-R2',100,'NOS',1000001);
insert into product (product_id, material_name, description, quantity_available, quantity_unit, warehouse_id) values (100147,'BBCFC0334-00','BRACKET -DT388306 REV-R2',100,'NOS',1000001);
insert into product (product_id, material_name, description, quantity_available, quantity_unit, warehouse_id) values (100148,'BBCFC0335-00','BRACKET -GLD44159-1 REV-R2',100,'NOS',1000001);
insert into product (product_id, material_name, description, quantity_available, quantity_unit, warehouse_id) values (100149,'BBCFC0336-00','BRACKET -GLD44159-2 REV-R2',100,'NOS',1000001);
insert into product (product_id, material_name, description, quantity_available, quantity_unit, warehouse_id) values (100150,'BBCFC0337-00','Side cover Vertical Stiffner',100,'NOS',1000001);
insert into product (product_id, material_name, description, quantity_available, quantity_unit, warehouse_id) values (100151,'BBCFC0651-00','RIGHT MIRROR SUPPORT-GLD185913-1 REV-RA',100,'NOS',1000001);
insert into product (product_id, material_name, description, quantity_available, quantity_unit, warehouse_id) values (100152,'BBCFC0652-00','RIGHT MIRROR SUPPORT-GLD185913-2 REV-RA',100,'NOS',1000001);
insert into product (product_id, material_name, description, quantity_available, quantity_unit, warehouse_id) values (100153,'BBCFC0653-00','OMEGA-DT387927 REV-RA',100,'NOS',1000001);
insert into product (product_id, material_name, description, quantity_available, quantity_unit, warehouse_id) values (100154,'BBCFC0654-00','ROOF ARCH BRACKET-DT387981 REV-RA',100,'NOS',1000001);
insert into product (product_id, material_name, description, quantity_available, quantity_unit, warehouse_id) values (100155,'BBCFC0655-00','CEILING FRAME BRACKET-DT387994  REV- RA',100,'NOS',1000001);
insert into product (product_id, material_name, description, quantity_available, quantity_unit, warehouse_id) values (100156,'BBCFC0790-00','EQUIPPED INTERFACE BRACKET DOOR PILLAR',100,'NOS',1000001);
insert into product (product_id, material_name, description, quantity_available, quantity_unit, warehouse_id) values (100157,'BBCFC0791-00','DOOR LIGHTING SUPPORT PLATE-DWD123585',100,'NOS',1000001);
insert into product (product_id, material_name, description, quantity_available, quantity_unit, warehouse_id) values (100158,'BBCFC0792-01','SPEAKER PLATE-DWD126500 REV-R1',100,'NOS',1000001);
insert into product (product_id, material_name, description, quantity_available, quantity_unit, warehouse_id) values (100159,'BBCFC0793-00','LUGGAGE RACK ROOF ARCH TO SIDE WALL Fixa',100,'NOS',1000001);
insert into product (product_id, material_name, description, quantity_available, quantity_unit, warehouse_id) values (100160,'BBCFC0794-00','EDGE PROTECTON 10.5X14MM AD1195074',100,'MTR',1000001);
insert into product (product_id, material_name, description, quantity_available, quantity_unit, warehouse_id) values (100161,'BBCFC0795-01','BRACKET- SIDE WALL FIXATION-DW119881',100,'NOS',1000001);
insert into product (product_id, material_name, description, quantity_available, quantity_unit, warehouse_id) values (100162,'BBCFC0796-00','PLATE FOR LATCH FIXATION-DW114741 REV-00',100,'NOS',1000001);
insert into product (product_id, material_name, description, quantity_available, quantity_unit, warehouse_id) values (100163,'BBCFC0797-00','BRACKET FOR SAFTY CABLE-DW114186 REV-00',100,'NOS',1000001);
insert into product (product_id, material_name, description, quantity_available, quantity_unit, warehouse_id) values (100164,'BBCFC0798-00','BRACKET FOR HINGE-DW114156 REV-00',100,'NOS',1000001);
insert into product (product_id, material_name, description, quantity_available, quantity_unit, warehouse_id) values (100165,'BBCFC0799-00','CORNER BRACKET-DWD132211 REV-00',100,'NOS',1000001);
insert into product (product_id, material_name, description, quantity_available, quantity_unit, warehouse_id) values (100166,'BBCFC0800-00','EDGE BRACKET-DWD132216 REV-00',100,'NOS',1000001);
insert into product (product_id, material_name, description, quantity_available, quantity_unit, warehouse_id) values (100167,'BBCFC0801-00','FIXATION BRACKET SAFETY CABLE TYPE 2',100,'NOS',1000001);
insert into product (product_id, material_name, description, quantity_available, quantity_unit, warehouse_id) values (100168,'BBCFC0802-00','BRACKET FOR LOUDSPEAKER FIXATION',100,'NOS',1000001);
insert into product (product_id, material_name, description, quantity_available, quantity_unit, warehouse_id) values (100169,'BBCFC0803-00','BRACKET FOR LP CONNECTOR-DWD132229',100,'NOS',1000001);
insert into product (product_id, material_name, description, quantity_available, quantity_unit, warehouse_id) values (100170,'BBCFC0804-00','BRACKET FOR SAFTY CABLE-DWD132189 REV-00',100,'NOS',1000001);
insert into product (product_id, material_name, description, quantity_available, quantity_unit, warehouse_id) values (100171,'BBCFC0805-00','FIXATION BRACKET TO DOOR PILLAR',100,'NOS',1000001);
insert into product (product_id, material_name, description, quantity_available, quantity_unit, warehouse_id) values (100172,'BBCFC0814-00','EDGE BRACKET-DWD132271 REV-00',100,'NOS',1000001);
insert into product (product_id, material_name, description, quantity_available, quantity_unit, warehouse_id) values (100173,'BBCFC1320-00','CUBICLE PIANO HINGE-DWD128666 REV-00',100,'NOS',1000001);
insert into product (product_id, material_name, description, quantity_available, quantity_unit, warehouse_id) values (100174,'BBCFC1321-00','PLATE FOR LATCH FIXATION-DWD128564',100,'NOS',1000001);
insert into product (product_id, material_name, description, quantity_available, quantity_unit, warehouse_id) values (100175,'BBCFC1322-00','CUBICLE PIANO HINGE-DWD128672 REV-00',100,'NOS',1000001);
insert into product (product_id, material_name, description, quantity_available, quantity_unit, warehouse_id) values (100176,'BBCFC1323-00','SHIME 80X24X2MM-DWD128593 REV-A1',100,'NOS',1000001);
insert into product (product_id, material_name, description, quantity_available, quantity_unit, warehouse_id) values (100177,'BBCFC1324-00','SHIME 80X24X1MM-DWD128596 REV-00',100,'NOS',1000001);
insert into product (product_id, material_name, description, quantity_available, quantity_unit, warehouse_id) values (100178,'BBCFC1325-01','SHIM HINGE FIXATION 1MM-DWD128602-A1',100,'NOS',1000001);
insert into product (product_id, material_name, description, quantity_available, quantity_unit, warehouse_id) values (100179,'BBCFC1326-00','SHIM FOR HINGE FIXATION 2MM DWD128605',100,'NOS',1000001);
insert into product (product_id, material_name, description, quantity_available, quantity_unit, warehouse_id) values (100180,'BBCFC1327-00','FOLDED PLATE-DWD128537 REV-00',100,'NOS',1000001);
insert into product (product_id, material_name, description, quantity_available, quantity_unit, warehouse_id) values (100181,'BBCFC1328-01','PLATE FOR EXTINGUISHER DOOR-DWD128584-A1',100,'NOS',1000001);
insert into product (product_id, material_name, description, quantity_available, quantity_unit, warehouse_id) values (100182,'BBCFC1329-01','FOLDED PLATE SYS-DWD128587-A1',100,'NOS',1000001);
insert into product (product_id, material_name, description, quantity_available, quantity_unit, warehouse_id) values (100183,'BBCFC1330-00','EQUIPED HINGE PLATE-DWD128686 REV-00',100,'NOS',1000001);
insert into product (product_id, material_name, description, quantity_available, quantity_unit, warehouse_id) values (100184,'BBCFC1331-00','FOLDED PLATE-DWD128999 REV-A1',100,'NOS',1000001);
insert into product (product_id, material_name, description, quantity_available, quantity_unit, warehouse_id) values (100185,'BBCFC1332-00','EQUIPED MOUNTING BRACKET FOR SIDE COVER',100,'NOS',1000001);
insert into product (product_id, material_name, description, quantity_available, quantity_unit, warehouse_id) values (100186,'BBCFC1333-00','SHIM FOR SIDE COVER 1MM-DWD128962 REV-00',100,'NOS',1000001);
insert into product (product_id, material_name, description, quantity_available, quantity_unit, warehouse_id) values (100187,'BBCFC1334-00','MOUNTING BRACKET-DWD128608 REV-00',100,'NOS',1000001);
insert into product (product_id, material_name, description, quantity_available, quantity_unit, warehouse_id) values (100188,'BBCFC1335-00','LOCKER BRACKET-DWD128774 REV-00',100,'NOS',1000001);
insert into product (product_id, material_name, description, quantity_available, quantity_unit, warehouse_id) values (100189,'BBCFC1337-00','LOCATNG BRACKT-PLUG LATERAL WALL 2 COACH',100,'NOS',1000001);
insert into product (product_id, material_name, description, quantity_available, quantity_unit, warehouse_id) values (100190,'BBCFC1338-00','BASE FOR HINGE SYS-DWD128623 REV-00',100,'NOS',1000001);
insert into product (product_id, material_name, description, quantity_available, quantity_unit, warehouse_id) values (100191,'BBCFC1339-00','BOTTOM BASE FOR HINGE-DWD128626 REV-00',100,'NOS',1000001);
insert into product (product_id, material_name, description, quantity_available, quantity_unit, warehouse_id) values (100192,'BBCFC1341-00','LOCATNG BRACKT-PLUG LATERAL WALL 2 COACH',100,'NOS',1000001);
insert into product (product_id, material_name, description, quantity_available, quantity_unit, warehouse_id) values (100193,'BBCFC1342-00','BRACKET FOR FIXATION TYPE 2-DWD128638',100,'NOS',1000001);
insert into product (product_id, material_name, description, quantity_available, quantity_unit, warehouse_id) values (100194,'BBCFC1343-00','BRACKET INTERFACE CUBICLE ROOF ARCHES',100,'NOS',1000001);
insert into product (product_id, material_name, description, quantity_available, quantity_unit, warehouse_id) values (100195,'BBCFC1344-01','EQUIPPED BASE-DWD138534-A1',100,'NOS',1000001);
insert into product (product_id, material_name, description, quantity_available, quantity_unit, warehouse_id) values (100196,'BBCFC1345-00','BASE FOR HINGE-DWD129058 REV-00',100,'NOS',1000001);
insert into product (product_id, material_name, description, quantity_available, quantity_unit, warehouse_id) values (100197,'BBCFC1346-00','LOCATNG BRACKT-PLUG LATERAL WALL 2 COACH',100,'NOS',1000001);
insert into product (product_id, material_name, description, quantity_available, quantity_unit, warehouse_id) values (100198,'BBCFC1347-00','EQUIPPED COUNTER KNIFE-AD1201959 REV-00',100,'NOS',1000001);
insert into product (product_id, material_name, description, quantity_available, quantity_unit, warehouse_id) values (100199,'BBCFC1348-01','FLOOR COVERING-DWD166695 REV-01',100,'NOS',1000001);
insert into product (product_id, material_name, description, quantity_available, quantity_unit, warehouse_id) values (100200,'BBCFC1349-01','FLOOR COVERING-DWD166735 REV-01',100,'NOS',1000001);
insert into product (product_id, material_name, description, quantity_available, quantity_unit, warehouse_id) values (100201,'BBCFC1350-01','FLOOR COVERING-DWD166775 REV-01',100,'NOS',1000001);
insert into product (product_id, material_name, description, quantity_available, quantity_unit, warehouse_id) values (100202,'BBCFC1351-00','BOTTOM BASE FOR HINGE-DWD128891 REV-A1',100,'NOS',1000001);
insert into product (product_id, material_name, description, quantity_available, quantity_unit, warehouse_id) values (100203,'BBCFC1352-01','EQUIPPED BASE-DWD128655-A2',100,'NOS',1000001);
insert into product (product_id, material_name, description, quantity_available, quantity_unit, warehouse_id) values (100204,'BBCFC1354-00','BRACKET FOR FIXATION-DWD128906 REV-00',100,'NOS',1000001);
insert into product (product_id, material_name, description, quantity_available, quantity_unit, warehouse_id) values (100205,'BBCFC1355-01','FINISHING PLATE-DWD143868 REV-B0',100,'NOS',1000001);
insert into product (product_id, material_name, description, quantity_available, quantity_unit, warehouse_id) values (100206,'BBCFC1356-00','BRACKET INTERFACE CUBICLE ROOF ARCHES',100,'NOS',1000001);
insert into product (product_id, material_name, description, quantity_available, quantity_unit, warehouse_id) values (100207,'BBCFC1357-00','FOLDED PLATE-DWD128936 REV-00',100,'NOS',1000001);
insert into product (product_id, material_name, description, quantity_available, quantity_unit, warehouse_id) values (100208,'BBCFC1358-00','GRILLE DOOR-DWD128922 REV-00',100,'NOS',1000001);
insert into product (product_id, material_name, description, quantity_available, quantity_unit, warehouse_id) values (100209,'BBCFC1359-00','EQUIPPED BASE-DWD128900 REV-00',100,'NOS',1000001);
insert into product (product_id, material_name, description, quantity_available, quantity_unit, warehouse_id) values (100210,'BBCFC1360-01','FINISHING PLATE-DWD143999 REV-B0',100,'NOS',1000001);
insert into product (product_id, material_name, description, quantity_available, quantity_unit, warehouse_id) values (100211,'BBCFC1362-00','ANGLE FOR SAFETY CABLE-DWD128726 REV-00',100,'NOS',1000001);
insert into product (product_id, material_name, description, quantity_available, quantity_unit, warehouse_id) values (100212,'BBCFC1363-00','EQUIPPED LEDSTRIP BASE-DWD128732 REV-00',100,'NOS',1000001);
insert into product (product_id, material_name, description, quantity_available, quantity_unit, warehouse_id) values (100213,'BBCFC1366-00','LED DIFFUSION OPAL POLYCARB 640X158X3mm',100,'NOS',1000001);
insert into product (product_id, material_name, description, quantity_available, quantity_unit, warehouse_id) values (100214,'BBCFC1367-00','EQUIPPED STUD WELD-DWD128741 REV-00',100,'NOS',1000001);
insert into product (product_id, material_name, description, quantity_available, quantity_unit, warehouse_id) values (100215,'BBCFC1368-00','BRACKET FOR CABLE-DWD128745 REV-00',100,'NOS',1000001);
insert into product (product_id, material_name, description, quantity_available, quantity_unit, warehouse_id) values (100216,'BBCFC1369-00','EQUIPED BRACKET FOR INTERIOR SPEAKER',100,'NOS',1000001);
insert into product (product_id, material_name, description, quantity_available, quantity_unit, warehouse_id) values (100217,'BBCFC1370-00','BRACKET FOR LS FIXATION TYPE 2 DWD128759',100,'NOS',1000001);
insert into product (product_id, material_name, description, quantity_available, quantity_unit, warehouse_id) values (100218,'BBCFC1371-01','END FRAME BRACKET-DWD128765 REV-01',100,'NOS',1000001);
insert into product (product_id, material_name, description, quantity_available, quantity_unit, warehouse_id) values (100219,'BBCFC1373-00','FOLDED PLATE-DWD128782 REV-00',100,'NOS',1000001);
insert into product (product_id, material_name, description, quantity_available, quantity_unit, warehouse_id) values (100220,'BBCFC1374-00','POLYCARBONATE DISPLAY CLEAR 968X120X3mm',100,'NOS',1000001);
insert into product (product_id, material_name, description, quantity_available, quantity_unit, warehouse_id) values (100221,'BBCFC1375-00','FOLDED PLATE-DWD128788 REV-00',100,'NOS',1000001);
insert into product (product_id, material_name, description, quantity_available, quantity_unit, warehouse_id) values (100222,'BBCFC1376-00','EQUIPED FOLDED PLATE-DWD128794 REV-00',100,'NOS',1000001);
insert into product (product_id, material_name, description, quantity_available, quantity_unit, warehouse_id) values (100223,'BBCFC1377-00','EQUIPED BRACKET FOR SAFETY CABLE',100,'NOS',1000001);
insert into product (product_id, material_name, description, quantity_available, quantity_unit, warehouse_id) values (100224,'BBCFC1378-00','BASE FOR INTERIORS DISPLAY EQUIPPED',100,'NOS',1000001);
insert into product (product_id, material_name, description, quantity_available, quantity_unit, warehouse_id) values (100225,'BBCFC1379-00','BASE FOR INTERIORS DISPLAY EQUIPPED',100,'NOS',1000001);
insert into product (product_id, material_name, description, quantity_available, quantity_unit, warehouse_id) values (100226,'BBCFC1380-01','END FRAME BRACKET TYPE 2-DWD128829',100,'NOS',1000001);
insert into product (product_id, material_name, description, quantity_available, quantity_unit, warehouse_id) values (100227,'BBCFC1381-01','BRACKET FOR TOP CUBICLE FIXATION',100,'NOS',1000001);
insert into product (product_id, material_name, description, quantity_available, quantity_unit, warehouse_id) values (100228,'BBCFC1382-00','EQUIPPED STUD PLATE FOR INTERFACE SS304',100,'NOS',1000001);
insert into product (product_id, material_name, description, quantity_available, quantity_unit, warehouse_id) values (100229,'BBCFC1386-00','WELDED SUPPORT-CDD583476-102-RA',100,'NOS',1000001);
insert into product (product_id, material_name, description, quantity_available, quantity_unit, warehouse_id) values (100230,'BBCFC1387-00','BRACKET FOR END CAR DOOR PILLAR',100,'NOS',1000001);
insert into product (product_id, material_name, description, quantity_available, quantity_unit, warehouse_id) values (100231,'BBCFC1421-00','TIP UP SEAT BRACKET TYPE 01 SS304',100,'NOS',1000001);
insert into product (product_id, material_name, description, quantity_available, quantity_unit, warehouse_id) values (100232,'BBCFC1422-00','TIP UP SEAT BRACKET TYPE 02 SS304',100,'NOS',1000001);
insert into product (product_id, material_name, description, quantity_available, quantity_unit, warehouse_id) values (100233,'BBCFC1423-00','TIP UP SEAT BRACKET TYPE 03 SS304',100,'NOS',1000001);
insert into product (product_id, material_name, description, quantity_available, quantity_unit, warehouse_id) values (100234,'BBCFC1424-00','TIP UP SEAT BRACKET TYPE 04 SS304',100,'NOS',1000001);
insert into product (product_id, material_name, description, quantity_available, quantity_unit, warehouse_id) values (100235,'BBCFC1425-00','FIXATION BRACKET SS304-ADD1318197 REV-A0',100,'NOS',1000001);
insert into product (product_id, material_name, description, quantity_available, quantity_unit, warehouse_id) values (100236,'BBCFC1427-00','EQUIPPED DOOR PILLAR BRACKET SS304',100,'NOS',1000001);
insert into product (product_id, material_name, description, quantity_available, quantity_unit, warehouse_id) values (100237,'BBCFC1428-00','HINGE BRACKET SS304-DWD129841 REV-00',100,'NOS',1000001);
insert into product (product_id, material_name, description, quantity_available, quantity_unit, warehouse_id) values (100238,'BBCFC1429-00','EQUIPPED SWITCH TRAP BRACKET SS304',100,'NOS',1000001);
insert into product (product_id, material_name, description, quantity_available, quantity_unit, warehouse_id) values (100239,'BBCFC1430-00','EQUIPPED KICK BRACKET SS304-DWD129910',100,'NOS',1000001);
insert into product (product_id, material_name, description, quantity_available, quantity_unit, warehouse_id) values (100240,'BBCFC1431-00','EQUIPPED BAR SUPPORT TYPE 5 SYM SS304',100,'NOS',1000001);
insert into product (product_id, material_name, description, quantity_available, quantity_unit, warehouse_id) values (100241,'BBCFC1432-00','EQUIPPED BAR SUPPORT TYPE 6 SYM SS304',100,'NOS',1000001);
insert into product (product_id, material_name, description, quantity_available, quantity_unit, warehouse_id) values (100242,'BBCFC1433-00','STAINLESS STEEL CAGE AND NUT #M08XCX123',100,'NOS',1000001);
insert into product (product_id, material_name, description, quantity_available, quantity_unit, warehouse_id) values (100243,'BBCFC1434-00','EQUIPPED ROOF ARCH BRACKET RIGHT SS304',100,'NOS',1000001);
insert into product (product_id, material_name, description, quantity_available, quantity_unit, warehouse_id) values (100244,'BBCFC1436-00','DOOR PILLAR HATCH GRILL SS304-DWD130364',100,'NOS',1000001);
insert into product (product_id, material_name, description, quantity_available, quantity_unit, warehouse_id) values (100245,'BBCFC1437-00','SWITCH PLATE SS304-DWD130413 REV-00',100,'NOS',1000001);
insert into product (product_id, material_name, description, quantity_available, quantity_unit, warehouse_id) values (100246,'BBCFC1438-01','EQUIPPED SWITCH TRAP SS304-DWD130527',100,'NOS',1000001);
insert into product (product_id, material_name, description, quantity_available, quantity_unit, warehouse_id) values (100247,'BBCFC1440-00','EQUIPPED ENDWALL MOUNTING BRACKET SS304',100,'NOS',1000001);
insert into product (product_id, material_name, description, quantity_available, quantity_unit, warehouse_id) values (100248,'BBCFC1452-00','EQUIPPED BAR SUPPORT TYPE 5 SS304',100,'NOS',1000001);
insert into product (product_id, material_name, description, quantity_available, quantity_unit, warehouse_id) values (100249,'BBCFC1453-00','EQUIPPED BAR SUPPORT TYPE 6 SS304',100,'NOS',1000001);
insert into product (product_id, material_name, description, quantity_available, quantity_unit, warehouse_id) values (100250,'BBCFC1454-00','EQUIPPED ROOF ARCH BRACKET LEFT SS304',100,'NOS',1000001);
insert into product (product_id, material_name, description, quantity_available, quantity_unit, warehouse_id) values (100251,'BBCFC1455-00','SPRING HINGE PINET_71-1-3560 SS304',100,'NOS',1000001);
insert into product (product_id, material_name, description, quantity_available, quantity_unit, warehouse_id) values (100252,'BBCFC1497-00','CUBICLE HINGE BRACKET EQUIPPED SS304',100,'NOS',1000001);
insert into product (product_id, material_name, description, quantity_available, quantity_unit, warehouse_id) values (100253,'BBCFC1498-00','CUBICLE STUD PLATE EQUIPPED SS304',100,'NOS',1000001);
insert into product (product_id, material_name, description, quantity_available, quantity_unit, warehouse_id) values (100254,'BBCFC1499-00','PARTITION WALL BRACKET SS304',100,'NOS',1000001);
insert into product (product_id, material_name, description, quantity_available, quantity_unit, warehouse_id) values (100255,'BBCFC1500-00','EQUIPPED BAR SUPPORT TYPE 7 SS304',100,'NOS',1000001);
insert into product (product_id, material_name, description, quantity_available, quantity_unit, warehouse_id) values (100256,'BBCFC1501-00','EQUIPPED PASSENGER HANDBAR CUBICLE STEEL',100,'NOS',1000001);
insert into product (product_id, material_name, description, quantity_available, quantity_unit, warehouse_id) values (100257,'BBCFC1502-00','EQUIPPED BAR SUPPORT TYPE 8 SS 304',100,'NOS',1000001);
insert into product (product_id, material_name, description, quantity_available, quantity_unit, warehouse_id) values (100258,'BBCFC1503-00','EQUIPPED DOOR STUD PLATE SS 304',100,'NOS',1000001);
insert into product (product_id, material_name, description, quantity_available, quantity_unit, warehouse_id) values (100259,'BBCFC1504-00','PIANO HINGE SS 304-DWD151487 REV-0',100,'NOS',1000001);
insert into product (product_id, material_name, description, quantity_available, quantity_unit, warehouse_id) values (100260,'BBCFC1505-00','CUBICLE MOUNTING BRACKET SS304',100,'NOS',1000001);
insert into product (product_id, material_name, description, quantity_available, quantity_unit, warehouse_id) values (100261,'BBCFC1506-00','EQUIPPED PARTITION FRAME BRACKET SS 304',100,'NOS',1000001);
insert into product (product_id, material_name, description, quantity_available, quantity_unit, warehouse_id) values (100262,'BBCFC1507-00','EQUIPPED TOP INTERFACE BRACKET SS 304',100,'NOS',1000001);
insert into product (product_id, material_name, description, quantity_available, quantity_unit, warehouse_id) values (100263,'BBCFC1508-00','EQUIPPED BOTTOM INTERFACE BRACKET SS 304',100,'NOS',1000001);
insert into product (product_id, material_name, description, quantity_available, quantity_unit, warehouse_id) values (100264,'BBCFC1509-00','EQUIPPED PARTITION WALL BRACKET TYPE 2',100,'NOS',1000001);
insert into product (product_id, material_name, description, quantity_available, quantity_unit, warehouse_id) values (100265,'BBCFC1510-00','EQUIPPED PARTITION FRAME BRACKET TYPE 2',100,'NOS',1000001);
insert into product (product_id, material_name, description, quantity_available, quantity_unit, warehouse_id) values (100266,'BBCFC1511-00','DOOR STOPPER RADIAFLEX D25.5 H30 M6',100,'NOS',1000001);
insert into product (product_id, material_name, description, quantity_available, quantity_unit, warehouse_id) values (100267,'BBCFC1512-00','DISPLAY BRACKET SS 304-DWD141064 REV-0',100,'NOS',1000001);
insert into product (product_id, material_name, description, quantity_available, quantity_unit, warehouse_id) values (100268,'BBCFC1513-00','TOP LINING BRACKET SS304-DWD141099 REV-0',100,'NOS',1000001);
insert into product (product_id, material_name, description, quantity_available, quantity_unit, warehouse_id) values (100269,'BBCFC1514-00','TOP LINING ENDWALL MOUNTING BRACKET',100,'NOS',1000001);
insert into product (product_id, material_name, description, quantity_available, quantity_unit, warehouse_id) values (100270,'BBCFC1515-00','FOLDED PLATE SS304-DWD141338 REV-0',100,'NOS',1000001);
insert into product (product_id, material_name, description, quantity_available, quantity_unit, warehouse_id) values (100271,'BBCFC1516-00','EQUIPPED DISPLAY MOUNTING BRACKET RIGHT',100,'NOS',1000001);
insert into product (product_id, material_name, description, quantity_available, quantity_unit, warehouse_id) values (100272,'BBCFC1517-01','DISPLAY GLASS CLEAR SLD BLACK 1055X125X3',100,'NOS',1000001);
insert into product (product_id, material_name, description, quantity_available, quantity_unit, warehouse_id) values (100273,'BBCFC1518-00','EQUIPPED DISPLAY GLASS BRACKET SS304',100,'NOS',1000001);
insert into product (product_id, material_name, description, quantity_available, quantity_unit, warehouse_id) values (100274,'BBCFC1519-00','CAPTIVE SCREW M6 X 20 SS304',100,'NOS',1000001);
insert into product (product_id, material_name, description, quantity_available, quantity_unit, warehouse_id) values (100275,'BBCFC1520-00','GRILLE DOOR TYPE 2 SS 304-DWD164693',100,'NOS',1000001);
insert into product (product_id, material_name, description, quantity_available, quantity_unit, warehouse_id) values (100276,'BBCFC1521-00','BRACKET CUBICLE 2 END FRAME ERTMS SS304',100,'NOS',1000001);
insert into product (product_id, material_name, description, quantity_available, quantity_unit, warehouse_id) values (100277,'BBCFC1522-00','BRACKET CUBICLE 2 END FRAME ERTMS TYP2',100,'NOS',1000001);
insert into product (product_id, material_name, description, quantity_available, quantity_unit, warehouse_id) values (100278,'BBCFC1523-00','REINFORCEMENT PART ERTMS SS304-DWD164690',100,'NOS',1000001);
insert into product (product_id, material_name, description, quantity_available, quantity_unit, warehouse_id) values (100279,'BBCFC1524-02','FLAP FOR RIGHT HATCH RUBBER ALTRO',100,'NOS',1000001);
insert into product (product_id, material_name, description, quantity_available, quantity_unit, warehouse_id) values (100280,'BBCFC1525-02','FLAP FOR LEFT HATCH RUBBER ALTRO',100,'NOS',1000001);
insert into product (product_id, material_name, description, quantity_available, quantity_unit, warehouse_id) values (100281,'BBCFC1528-00','EQUIPPED DISPLAY MOUNTING BRACKET LEFT',100,'NOS',1000001);
insert into product (product_id, material_name, description, quantity_available, quantity_unit, warehouse_id) values (100282,'BBCFC1532-00','WELDED SUPPORT-GLD228927 REV-00',100,'NOS',1000001);
insert into product (product_id, material_name, description, quantity_available, quantity_unit, warehouse_id) values (100283,'BBCFC2068-00','BENT SHEET SS304-CDD584239-101-RB',100,'NOS',1000001);
insert into product (product_id, material_name, description, quantity_available, quantity_unit, warehouse_id) values (100284,'BBCFC2069-00','BENT SHEET-CDD584239-102-RB',100,'NOS',1000001);
insert into product (product_id, material_name, description, quantity_available, quantity_unit, warehouse_id) values (100285,'BBCFC2070-00','PLATE ASSY-GLD243382-RA',100,'NOS',1000001);
insert into product (product_id, material_name, description, quantity_available, quantity_unit, warehouse_id) values (100286,'BBCFC2071-00','GRID SS304-GLD244825-RA',100,'NOS',1000001);
insert into product (product_id, material_name, description, quantity_available, quantity_unit, warehouse_id) values (100287,'BBCFC2186-00','CAGE NUT SHEET-DWD111437-R0',100,'NOS',1000001);
insert into product (product_id, material_name, description, quantity_available, quantity_unit, warehouse_id) values (100288,'BBCFC2679-01','BRACKET SET-DW291979 REV-B',100,'NOS',1000001);
insert into product (product_id, material_name, description, quantity_available, quantity_unit, warehouse_id) values (100289,'BBCFC2680-00','SUPPORT PLATE FOR VELCRO - LM000056467',100,'NOS',1000001);
insert into product (product_id, material_name, description, quantity_available, quantity_unit, warehouse_id) values (100290,'BBCFC2681-00','SUPPORT PLATE FOR VELCRO TYPE 1',100,'NOS',1000001);
insert into product (product_id, material_name, description, quantity_available, quantity_unit, warehouse_id) values (100291,'BBCFC2682-00','SUPPORT PLATE FOR VELCRO TYPE 2',100,'NOS',1000001);
insert into product (product_id, material_name, description, quantity_available, quantity_unit, warehouse_id) values (100292,'BBCFC2710-00','L BRACKET DWD305257-DW305255 REV-RA',100,'NOS',1000001);
insert into product (product_id, material_name, description, quantity_available, quantity_unit, warehouse_id) values (100293,'BBCFC2711-00','Z BRACKET DWD305241-DW305237 REV-RA',100,'NOS',1000001);
insert into product (product_id, material_name, description, quantity_available, quantity_unit, warehouse_id) values (100294,'BBCFC2712-00','STUD PLATE DW305220-DW305222 REV-RA',100,'NOS',1000001);
insert into product (product_id, material_name, description, quantity_available, quantity_unit, warehouse_id) values (100295,'BBCFC2713-00','BRACKET DW305290-DWD305292 REV-RA',100,'NOS',1000001);
insert into product (product_id, material_name, description, quantity_available, quantity_unit, warehouse_id) values (100296,'BBCFC3837-00','INTERFACE BRACKET FOR TOP CUBICLE SS304',100,'NOS',1000001);
insert into product (product_id, material_name, description, quantity_available, quantity_unit, warehouse_id) values (100297,'BBCFC3877-00','PLIERS-DOOR PILLAR FLAP-DWD442521 REV-A0',100,'NOS',1000001);
insert into product (product_id, material_name, description, quantity_available, quantity_unit, warehouse_id) values (100298,'BBCGE0011-00','P36 Sanding Disc',100,'NOS',1000001);
insert into product (product_id, material_name, description, quantity_available, quantity_unit, warehouse_id) values (100299,'BBCGE0082-00','Gloves - Welding Gloves',100,'NOS',1000001);
insert into product (product_id, material_name, description, quantity_available, quantity_unit, warehouse_id) values (100300,'BBCGE0111-00','STR - Woven Strapping 19mm',100,'ROLL',1000001);
insert into product (product_id, material_name, description, quantity_available, quantity_unit, warehouse_id) values (100301,'BBCGE0112-00','Packaging Screw - DRYWALL',100,'BOX',1000001);
insert into product (product_id, material_name, description, quantity_available, quantity_unit, warehouse_id) values (100302,'BBCGE0113-00','Packaging Screw _SC SCrews',100,'BOX',1000001);
insert into product (product_id, material_name, description, quantity_available, quantity_unit, warehouse_id) values (100303,'BBCGE0114-00','Brush - Laminating Brush 1',100,'NOS',1000001);
insert into product (product_id, material_name, description, quantity_available, quantity_unit, warehouse_id) values (100304,'BBCGE0115-00','Brush - Laminating Brush 2',100,'NOS',1000001);
insert into product (product_id, material_name, description, quantity_available, quantity_unit, warehouse_id) values (100305,'BBCGE0116-00','Brush - Laminating Brush 3',100,'NOS',1000001);
insert into product (product_id, material_name, description, quantity_available, quantity_unit, warehouse_id) values (100306,'BBCGE0117-00','Brush - Laminating Brush 4',100,'NOS',1000001);
insert into product (product_id, material_name, description, quantity_available, quantity_unit, warehouse_id) values (100307,'BBCGE0122-00','QRC 412 Quick Chnae Discs 50mm Grain  36',100,'EACH',1000001);
insert into product (product_id, material_name, description, quantity_available, quantity_unit, warehouse_id) values (100308,'BBCGE0555-00','Glove Splendor Lite Medium',100,'PAIR',1000001);
insert into product (product_id, material_name, description, quantity_available, quantity_unit, warehouse_id) values (100309,'BBCGE0610-00','SPRAY CONTACT ADHESIVE HC 77 - 700 ML AL',100,'NOS',1000001);
insert into product (product_id, material_name, description, quantity_available, quantity_unit, warehouse_id) values (100310,'BBCGE1343-00','Sellotape- 48mmx 50mtr',100,'NOS',1000001);
insert into product (product_id, material_name, description, quantity_available, quantity_unit, warehouse_id) values (100311,'BBCGE1536-00','Buffing - Buffing Machine (Pneumatic Ang',100,'NOS',1000001);
insert into product (product_id, material_name, description, quantity_available, quantity_unit, warehouse_id) values (100312,'BBCGE1537-00','3mm Drill Bit',100,'NOS',1000001);
insert into product (product_id, material_name, description, quantity_available, quantity_unit, warehouse_id) values (100313,'BBCGE1538-00','Pneumatic Orbital Sander (6)',100,'NOS',1000001);
insert into product (product_id, material_name, description, quantity_available, quantity_unit, warehouse_id) values (100314,'BBCGE1539-00','Pneumatic Grinder',100,'NOS',1000001);
insert into product (product_id, material_name, description, quantity_available, quantity_unit, warehouse_id) values (100315,'BBCGE1540-00','Pneumatic Mini Belt Sander (Pencil Grind',100,'NOS',1000001);
insert into product (product_id, material_name, description, quantity_available, quantity_unit, warehouse_id) values (100316,'BBCGE1541-00','Pencil Sanding paper',100,'NOS',1000001);
insert into product (product_id, material_name, description, quantity_available, quantity_unit, warehouse_id) values (100317,'BBCGE1542-00','Cup - Measuring Cup - 100 Milligram',100,'NOS',1000001);
insert into product (product_id, material_name, description, quantity_available, quantity_unit, warehouse_id) values (100318,'BBCGE1543-00','Cup - Measuring Cup - 500 Milligram',100,'NOS',1000001);
insert into product (product_id, material_name, description, quantity_available, quantity_unit, warehouse_id) values (100319,'BBCGE1544-00','Cup - Measuring Cup - 1 Litre',100,'NOS',1000001);
insert into product (product_id, material_name, description, quantity_available, quantity_unit, warehouse_id) values (100320,'BBCGE1545-00','Cup - Measuring Cup - 2 Litre',100,'NOS',1000001);
insert into product (product_id, material_name, description, quantity_available, quantity_unit, warehouse_id) values (100321,'BBCGE1546-00','Cutting - Cutting Blade (18MM)',100,'NOS',1000001);
insert into product (product_id, material_name, description, quantity_available, quantity_unit, warehouse_id) values (100322,'BBCGE1547-00','Cutting - Knife Blade Big - JTech Brand',100,'NOS',1000001);
insert into product (product_id, material_name, description, quantity_available, quantity_unit, warehouse_id) values (100323,'BBCGE1548-00','Cutting - Rotary Cutter',100,'NOS',1000001);
insert into product (product_id, material_name, description, quantity_available, quantity_unit, warehouse_id) values (100324,'BBCGE1549-00','Sissor',100,'NOS',1000001);
insert into product (product_id, material_name, description, quantity_available, quantity_unit, warehouse_id) values (100325,'BBCGE1550-00','Modelling Plastiline Clay',100,'NOS',1000001);
insert into product (product_id, material_name, description, quantity_available, quantity_unit, warehouse_id) values (100326,'BBCGE1551-00','Strainer - Paint Strainers',100,'NOS',1000001);
insert into product (product_id, material_name, description, quantity_available, quantity_unit, warehouse_id) values (100327,'BBCGE1552-00','Wedge - Plastic Wedge - S',100,'NOS',1000001);
insert into product (product_id, material_name, description, quantity_available, quantity_unit, warehouse_id) values (100328,'BBCGE1553-00','Wedge - Plastic Wedge - M',100,'NOS',1000001);
insert into product (product_id, material_name, description, quantity_available, quantity_unit, warehouse_id) values (100329,'BBCGE1554-00','Wedge - Plastic Wedge - L',100,'NOS',1000001);
insert into product (product_id, material_name, description, quantity_available, quantity_unit, warehouse_id) values (100330,'BBCGE1555-00','Dispensing Bottle',100,'NOS',1000001);
insert into product (product_id, material_name, description, quantity_available, quantity_unit, warehouse_id) values (100331,'BBCGE1556-00','Bristel Roller Brush with Handle',100,'NOS',1000001);
insert into product (product_id, material_name, description, quantity_available, quantity_unit, warehouse_id) values (100332,'BBCGE1557-00','Adhesive - Glue Devil Screwlock',100,'NOS',1000001);
insert into product (product_id, material_name, description, quantity_available, quantity_unit, warehouse_id) values (100333,'BBCGE1558-00','Adhesive - Super Glue',100,'NOS',1000001);
insert into product (product_id, material_name, description, quantity_available, quantity_unit, warehouse_id) values (100334,'BBCGE1559-00','Buffing - Buffing Pads (Single sided) 17',100,'NOS',1000001);
insert into product (product_id, material_name, description, quantity_available, quantity_unit, warehouse_id) values (100335,'BBCGE1560-00','Buffing - Roar Buffing Pads',100,'NOS',1000001);
insert into product (product_id, material_name, description, quantity_available, quantity_unit, warehouse_id) values (100336,'BBCGE1561-00','Buffing - Soft Smooth Buffing Pad',100,'NOS',1000001);
insert into product (product_id, material_name, description, quantity_available, quantity_unit, warehouse_id) values (100337,'BBCGE1562-00','Covers - Cartridge Covers',100,'NOS',1000001);
insert into product (product_id, material_name, description, quantity_available, quantity_unit, warehouse_id) values (100338,'BBCGE1563-00','Disc - Hookit Disc - 150mm - 7 Holes - G',100,'NOS',1000001);
insert into product (product_id, material_name, description, quantity_available, quantity_unit, warehouse_id) values (100339,'BBCGE1564-00','P120 Sanding Disc',100,'NOS',1000001);
insert into product (product_id, material_name, description, quantity_available, quantity_unit, warehouse_id) values (100340,'BBCGE1567-00','Disc - Hookit Disc - 150mm - 7 Holes - G',100,'NOS',1000001);
insert into product (product_id, material_name, description, quantity_available, quantity_unit, warehouse_id) values (100341,'BBCGE1568-00','P320 Sanding Disc',100,'NOS',1000001);
insert into product (product_id, material_name, description, quantity_available, quantity_unit, warehouse_id) values (100342,'BBCGE1570-00','P600 Sanding Disc',100,'NOS',1000001);
insert into product (product_id, material_name, description, quantity_available, quantity_unit, warehouse_id) values (100343,'BBCGE1589-00','ALSTOM BADGE TRASC52510000 REV-A',100,'NOS',1000001);
insert into product (product_id, material_name, description, quantity_available, quantity_unit, warehouse_id) values (100344,'BBCGE1617-00','CATRIDGE 3M ORGANIC/INORGANIC VAPOUR ABE',100,'NOS',1000001);
insert into product (product_id, material_name, description, quantity_available, quantity_unit, warehouse_id) values (100345,'BBCGE1680-00','1680 Wing Seal Roll',100,'MTR',1000001);
insert into product (product_id, material_name, description, quantity_available, quantity_unit, warehouse_id) values (100346,'BBCGE1732-00','P1000 Sanding Disc',100,'NOS',1000001);
insert into product (product_id, material_name, description, quantity_available, quantity_unit, warehouse_id) values (100347,'BBCGE1733-00','P1200 Sanding  Disc',100,'NOS',1000001);
insert into product (product_id, material_name, description, quantity_available, quantity_unit, warehouse_id) values (100348,'BBCGE1734-00','Disc - Hookit 260L - 150mm - 50238 - P15',100,'NOS',1000001);
insert into product (product_id, material_name, description, quantity_available, quantity_unit, warehouse_id) values (100349,'BBCGE1735-00','Filters Retainers',100,'NOS',1000001);
insert into product (product_id, material_name, description, quantity_available, quantity_unit, warehouse_id) values (100350,'BBCGE1736-00','Filters - Filters',100,'NOS',1000001);
insert into product (product_id, material_name, description, quantity_available, quantity_unit, warehouse_id) values (100351,'BBCGE1737-00','Jacket - Reflector Jacket - S',100,'NOS',1000001);
insert into product (product_id, material_name, description, quantity_available, quantity_unit, warehouse_id) values (100352,'BBCGE1738-00','Jacket - Reflector Jacket - M',100,'NOS',1000001);
insert into product (product_id, material_name, description, quantity_available, quantity_unit, warehouse_id) values (100353,'BBCGE1739-00','Jacket - Reflector Jacket - L',100,'NOS',1000001);
insert into product (product_id, material_name, description, quantity_available, quantity_unit, warehouse_id) values (100354,'BBCGE1740-00','Jacket - Reflector Jacket - XL',100,'NOS',1000001);
insert into product (product_id, material_name, description, quantity_available, quantity_unit, warehouse_id) values (100355,'BBCGE1741-00','Jacket - Reflector Jacket - XXL',100,'NOS',1000001);
insert into product (product_id, material_name, description, quantity_available, quantity_unit, warehouse_id) values (100356,'BBCGE1742-00','Mask - Dust Mask (FFP1)',100,'NOS',1000001);
insert into product (product_id, material_name, description, quantity_available, quantity_unit, warehouse_id) values (100357,'BBCGE1743-00','Mask - Dust Mask (FFP2)',100,'NOS',1000001);
insert into product (product_id, material_name, description, quantity_available, quantity_unit, warehouse_id) values (100358,'BBCGE1744-00','Overalls - Disposable Painting Overalls',100,'NOS',1000001);
insert into product (product_id, material_name, description, quantity_available, quantity_unit, warehouse_id) values (100359,'BBCGE1745-00','Overalls - Disposable Painting Overalls',100,'NOS',1000001);
insert into product (product_id, material_name, description, quantity_available, quantity_unit, warehouse_id) values (100360,'BBCGE1746-00','Overalls - Disposable Painting Overalls',100,'NOS',1000001);
insert into product (product_id, material_name, description, quantity_available, quantity_unit, warehouse_id) values (100361,'BBCGE1747-00','Overalls - Disposable Painting Overalls',100,'NOS',1000001);
insert into product (product_id, material_name, description, quantity_available, quantity_unit, warehouse_id) values (100362,'BBCGE1748-00','Overalls - Disposable Painting Overalls',100,'NOS',1000001);
insert into product (product_id, material_name, description, quantity_available, quantity_unit, warehouse_id) values (100363,'BBCGE1749-00','Overalls - Disposable Painting Overalls',100,'NOS',1000001);
insert into product (product_id, material_name, description, quantity_available, quantity_unit, warehouse_id) values (100364,'BBCGE1750-00','Overalls - Disposable Painting Overalls',100,'NOS',1000001);
insert into product (product_id, material_name, description, quantity_available, quantity_unit, warehouse_id) values (100365,'BBCGE1751-00','Overalls - Disposable Painting Overalls',100,'NOS',1000001);
insert into product (product_id, material_name, description, quantity_available, quantity_unit, warehouse_id) values (100366,'BBCGE1752-00','Overalls - Disposable Painting Overalls',100,'NOS',1000001);
insert into product (product_id, material_name, description, quantity_available, quantity_unit, warehouse_id) values (100367,'BBCGE1753-00','Overalls - Disposable Painting Overalls',100,'NOS',1000001);
insert into product (product_id, material_name, description, quantity_available, quantity_unit, warehouse_id) values (100368,'BBCGE1754-00','Overalls - Disposable Painting Overalls',100,'NOS',1000001);
insert into product (product_id, material_name, description, quantity_available, quantity_unit, warehouse_id) values (100369,'BBCGE1755-00','Rags - White Cloth Rags',100,'NOS',1000001);
insert into product (product_id, material_name, description, quantity_available, quantity_unit, warehouse_id) values (100370,'BBCGE1756-00','Tongue - Tongue Depressor',100,'BOX',1000001);
insert into product (product_id, material_name, description, quantity_available, quantity_unit, warehouse_id) values (100371,'BBCGE1757-00','Mask - Medium Half Mask',100,'NOS',1000001);
insert into product (product_id, material_name, description, quantity_available, quantity_unit, warehouse_id) values (100372,'BBCGE1758-00','Mould - Dynamic Seal',100,'MTR',1000001);
insert into product (product_id, material_name, description, quantity_available, quantity_unit, warehouse_id) values (100373,'BBCGE1759-00','Infutac Mould Spray',100,'NOS',1000001);
insert into product (product_id, material_name, description, quantity_available, quantity_unit, warehouse_id) values (100374,'BBCGE1760-00','Adhesive - Bostik Smart Adhesive (200ML)',100,'NOS',1000001);
insert into product (product_id, material_name, description, quantity_available, quantity_unit, warehouse_id) values (100375,'BBCGE1761-00','Disc - Abrasive Fibre',100,'NOS',1000001);
insert into product (product_id, material_name, description, quantity_available, quantity_unit, warehouse_id) values (100376,'BBCGE1762-00','Disc - Flap',100,'NOS',1000001);
insert into product (product_id, material_name, description, quantity_available, quantity_unit, warehouse_id) values (100377,'BBCGE1763-00','Hacksaw - Hacksaw Blades',100,'NOS',1000001);
insert into product (product_id, material_name, description, quantity_available, quantity_unit, warehouse_id) values (100378,'BBCGE1764-00','Hacksaw - Hacksaw Frame',100,'NOS',1000001);
insert into product (product_id, material_name, description, quantity_available, quantity_unit, warehouse_id) values (100379,'BBCGE1765-00','Heating - Silicon Pieces Heating',100,'NOS',1000001);
insert into product (product_id, material_name, description, quantity_available, quantity_unit, warehouse_id) values (100380,'BBCGE1766-00','Lubricant - WD40',100,'NOS',1000001);
insert into product (product_id, material_name, description, quantity_available, quantity_unit, warehouse_id) values (100381,'BBCGE1767-00','Scraper - Plastic Scraper',100,'NOS',1000001);
insert into product (product_id, material_name, description, quantity_available, quantity_unit, warehouse_id) values (100382,'BBCGE1768-00','Welding - Welding Rods 50 pcs',100,'KG',1000001);
insert into product (product_id, material_name, description, quantity_available, quantity_unit, warehouse_id) values (100383,'BBCGE1769-00','Cable ties 50 piece/pack',100,'NOS',1000001);
insert into product (product_id, material_name, description, quantity_available, quantity_unit, warehouse_id) values (100384,'BBCGE1770-00','Metal Seal',100,'NOS',1000001);
insert into product (product_id, material_name, description, quantity_available, quantity_unit, warehouse_id) values (100385,'BBCGE1771-00','Q20',100,'NOS',1000001);
insert into product (product_id, material_name, description, quantity_available, quantity_unit, warehouse_id) values (100386,'BBCGE1772-00','Scouring Pads',100,'NOS',1000001);
insert into product (product_id, material_name, description, quantity_available, quantity_unit, warehouse_id) values (100387,'BBCGE1773-00','Cutting Disc for Trimming FRP DIA 4 (C80',100,'NOS',1000001);
insert into product (product_id, material_name, description, quantity_available, quantity_unit, warehouse_id) values (100388,'BBCGE1774-00','Ear - Ear Plugs',100,'NOS',1000001);
insert into product (product_id, material_name, description, quantity_available, quantity_unit, warehouse_id) values (100389,'BBCGE1775-00','Gloves - Cotton Gloves',100,'NOS',1000001);
insert into product (product_id, material_name, description, quantity_available, quantity_unit, warehouse_id) values (100390,'BBCGE1776-00','Gloves - Heavy Duty Gloves',100,'NOS',1000001);
insert into product (product_id, material_name, description, quantity_available, quantity_unit, warehouse_id) values (100391,'BBCGE1777-00','Gloves - Latex Gloves (100 pcs in a box)',100,'NOS',1000001);
insert into product (product_id, material_name, description, quantity_available, quantity_unit, warehouse_id) values (100392,'BBCGE1778-00','Gloves - Rubber Gloves - FRP NEO Yellow/',100,'NOS',1000001);
insert into product (product_id, material_name, description, quantity_available, quantity_unit, warehouse_id) values (100393,'BBCGE1779-00','Gloves - Surgical Gloves - Latex - Blue',100,'NOS',1000001);
insert into product (product_id, material_name, description, quantity_available, quantity_unit, warehouse_id) values (100394,'BBCGE1780-00','Gloves - Green Nitrile G25',100,'NOS',1000001);
insert into product (product_id, material_name, description, quantity_available, quantity_unit, warehouse_id) values (100395,'BBCGE1781-00','Goggles - Safety Goggles - S',100,'NOS',1000001);
insert into product (product_id, material_name, description, quantity_available, quantity_unit, warehouse_id) values (100396,'BBCGE1782-00','Goggles - Safety Goggles - L',100,'NOS',1000001);
insert into product (product_id, material_name, description, quantity_available, quantity_unit, warehouse_id) values (100397,'BBCGE1783-00','Goggles - Safety Goggles - M',100,'NOS',1000001);
insert into product (product_id, material_name, description, quantity_available, quantity_unit, warehouse_id) values (100398,'BBCGE1784-00','Rags - Mixed Colour Cloth Rags',100,'NOS',1000001);
insert into product (product_id, material_name, description, quantity_available, quantity_unit, warehouse_id) values (100399,'BBCGE1785-00','Helmet',100,'NOS',1000001);
insert into product (product_id, material_name, description, quantity_available, quantity_unit, warehouse_id) values (100400,'BBCGE1786-00','Heavy Duty Apron PVC',100,'NOS',1000001);
insert into product (product_id, material_name, description, quantity_available, quantity_unit, warehouse_id) values (100401,'BBCGE1787-00','Kevlar Sleeves',100,'NOS',1000001);
insert into product (product_id, material_name, description, quantity_available, quantity_unit, warehouse_id) values (100402,'BBCGE1788-00','Foam - Foam Plastic',100,'NOS',1000001);
insert into product (product_id, material_name, description, quantity_available, quantity_unit, warehouse_id) values (100403,'BBCGE1789-00','Paper - Brown Paper',100,'NOS',1000001);
insert into product (product_id, material_name, description, quantity_available, quantity_unit, warehouse_id) values (100404,'BBCGE1790-00','Wrap - Bubble Wrap',100,'NOS',1000001);
insert into product (product_id, material_name, description, quantity_available, quantity_unit, warehouse_id) values (100405,'BBCGE1791-00','Wood - Timbers for double window (38mm X',100,'NOS',1000001);
insert into product (product_id, material_name, description, quantity_available, quantity_unit, warehouse_id) values (100406,'BBCGE1792-00','Wood - Timbers for double window (50mm X',100,'NOS',1000001);
insert into product (product_id, material_name, description, quantity_available, quantity_unit, warehouse_id) values (100407,'BBCGE1793-00','Tube - PU Tube',100,'NOS',1000001);
insert into product (product_id, material_name, description, quantity_available, quantity_unit, warehouse_id) values (100408,'BBCGE1794-00','Putty - Multi Purpose Putty',100,'NOS',1000001);
insert into product (product_id, material_name, description, quantity_available, quantity_unit, warehouse_id) values (100409,'BBCGE1795-00','Rack - Tack Rack DX-50',100,'NOS',1000001);
insert into product (product_id, material_name, description, quantity_available, quantity_unit, warehouse_id) values (100410,'BBCGE1796-00','Covering Tape (45cm X 20 M)',100,'NOS',1000001);
insert into product (product_id, material_name, description, quantity_available, quantity_unit, warehouse_id) values (100411,'BBCGE1797-00','Lion Match Boxes',100,'NOS',1000001);
insert into product (product_id, material_name, description, quantity_available, quantity_unit, warehouse_id) values (100412,'BBCGE1798-00','Serviettes 3000`s 1 Ply',100,'BOX',1000001);
insert into product (product_id, material_name, description, quantity_available, quantity_unit, warehouse_id) values (100413,'BBCGE1799-00','Surface Fibre Tissue',100,'MTR',1000001);
insert into product (product_id, material_name, description, quantity_available, quantity_unit, warehouse_id) values (100414,'BBCGE1800-00','Cormet',100,'NOS',1000001);
insert into product (product_id, material_name, description, quantity_available, quantity_unit, warehouse_id) values (100415,'BBCGE1801-00','Cabosil (10 kg) CAB5',100,'KG',1000001);
insert into product (product_id, material_name, description, quantity_available, quantity_unit, warehouse_id) values (100416,'BBCGE1802-00','AA3 4 DMA ACCELERATO',100,'KG',1000001);
insert into product (product_id, material_name, description, quantity_available, quantity_unit, warehouse_id) values (100417,'BBCGE1803-00','Acetone',100,'KG',1000001);
insert into product (product_id, material_name, description, quantity_available, quantity_unit, warehouse_id) values (100418,'BBCGE1804-00','Styrene Monomer - 180',100,'KG',1000001);
insert into product (product_id, material_name, description, quantity_available, quantity_unit, warehouse_id) values (100419,'BBCGE1805-00','Catalyst - CATM50 CL 30Kg BUTAN',100,'KG',1000001);
insert into product (product_id, material_name, description, quantity_available, quantity_unit, warehouse_id) values (100420,'BBCGE1806-00','DMA',100,'KG',1000001);
insert into product (product_id, material_name, description, quantity_available, quantity_unit, warehouse_id) values (100421,'BBCGE1807-00','Clear Resin 232',100,'KG',1000001);
insert into product (product_id, material_name, description, quantity_available, quantity_unit, warehouse_id) values (100422,'BBCGE1808-00','Cobalt -AC1 22 COBALT OCTOAT',100,'KG',1000001);
insert into product (product_id, material_name, description, quantity_available, quantity_unit, warehouse_id) values (100423,'BBCGE1809-00','Mask - Full Face Mask',100,'NOS',1000001);
insert into product (product_id, material_name, description, quantity_available, quantity_unit, warehouse_id) values (100424,'BBCGE1810-00','SMC - SMC Cores',100,'NOS',1000001);
insert into product (product_id, material_name, description, quantity_available, quantity_unit, warehouse_id) values (100425,'BBCGE1811-00','Tape - Blue Masking Tape',100,'NOS',1000001);
insert into product (product_id, material_name, description, quantity_available, quantity_unit, warehouse_id) values (100426,'BBCGE1812-00','Tape - Double Sided Tape',100,'NOS',1000001);
insert into product (product_id, material_name, description, quantity_available, quantity_unit, warehouse_id) values (100427,'BBCGE1813-00','Tape - Masking Tape - 0.5',100,'NOS',1000001);
insert into product (product_id, material_name, description, quantity_available, quantity_unit, warehouse_id) values (100428,'BBCGE1814-00','Tape - Masking Tape  - 1',100,'NOS',1000001);
insert into product (product_id, material_name, description, quantity_available, quantity_unit, warehouse_id) values (100429,'BBCGE1815-00','Masking Tape 48mmx40m 80`',100,'NOS',1000001);
insert into product (product_id, material_name, description, quantity_available, quantity_unit, warehouse_id) values (100430,'BBCGE1816-00','Tape - Threaded Tape',100,'NOS',1000001);
insert into product (product_id, material_name, description, quantity_available, quantity_unit, warehouse_id) values (100431,'BBCGE1817-00','SMC -PE Plastic Rolls (23-25 Microns 102',100,'NOS',1000001);
insert into product (product_id, material_name, description, quantity_available, quantity_unit, warehouse_id) values (100432,'BBCGE1818-00','SMC - 20 x 100m DUROTHENE PIPE PE100 HDP',100,'NOS',1000001);
insert into product (product_id, material_name, description, quantity_available, quantity_unit, warehouse_id) values (100433,'BBCGE1819-00','Boots - Safety Boots - Size 3',100,'NOS',1000001);
insert into product (product_id, material_name, description, quantity_available, quantity_unit, warehouse_id) values (100434,'BBCGE1820-00','Boots - Safety Boots - Size 4',100,'NOS',1000001);
insert into product (product_id, material_name, description, quantity_available, quantity_unit, warehouse_id) values (100435,'BBCGE1821-00','Boots - Safety Boots - Size 5',100,'NOS',1000001);
insert into product (product_id, material_name, description, quantity_available, quantity_unit, warehouse_id) values (100436,'BBCGE1822-00','Boots - Safety Boots - Size 6',100,'NOS',1000001);
insert into product (product_id, material_name, description, quantity_available, quantity_unit, warehouse_id) values (100437,'BBCGE1823-00','Boots - Safety Boots - Size 7',100,'NOS',1000001);
insert into product (product_id, material_name, description, quantity_available, quantity_unit, warehouse_id) values (100438,'BBCGE1824-00','Boots - Safety Boots - Size 8',100,'NOS',1000001);
insert into product (product_id, material_name, description, quantity_available, quantity_unit, warehouse_id) values (100439,'BBCGE1825-00','Boots - Safety Boots - Size 9',100,'NOS',1000001);
insert into product (product_id, material_name, description, quantity_available, quantity_unit, warehouse_id) values (100440,'BBCGE1826-00','Boots - Safety Boots - Size 10',100,'NOS',1000001);
insert into product (product_id, material_name, description, quantity_available, quantity_unit, warehouse_id) values (100441,'BBCGE1827-00','Boots - Safety Boots - Size 11',100,'NOS',1000001);
insert into product (product_id, material_name, description, quantity_available, quantity_unit, warehouse_id) values (100442,'BBCGE1828-00','Boots - Safety Boots - Size 12',100,'NOS',1000001);
insert into product (product_id, material_name, description, quantity_available, quantity_unit, warehouse_id) values (100443,'BBCGE1829-00','Boots - Shoe Covers - S',100,'NOS',1000001);
insert into product (product_id, material_name, description, quantity_available, quantity_unit, warehouse_id) values (100444,'BBCGE1830-00','Boots - Shoe Covers - M',100,'NOS',1000001);
insert into product (product_id, material_name, description, quantity_available, quantity_unit, warehouse_id) values (100445,'BBCGE1831-00','Boots - Shoe Covers - L',100,'NOS',1000001);
insert into product (product_id, material_name, description, quantity_available, quantity_unit, warehouse_id) values (100446,'BBCGE1832-00','Boots - Shoe Covers - XL',100,'NOS',1000001);
insert into product (product_id, material_name, description, quantity_available, quantity_unit, warehouse_id) values (100447,'BBCGE1833-00','Cream - Barrier Cream',100,'NOS',1000001);
insert into product (product_id, material_name, description, quantity_available, quantity_unit, warehouse_id) values (100448,'BBCGE1834-00','Mask - Respirator - Full Mask',100,'NOS',1000001);
insert into product (product_id, material_name, description, quantity_available, quantity_unit, warehouse_id) values (100449,'BBCGE1835-00','Grey SPR/Poly Conti Suit (Working Suits)',100,'NOS',1000001);
insert into product (product_id, material_name, description, quantity_available, quantity_unit, warehouse_id) values (100450,'BBCGE1846-00','SMC panels Inserts',100,'NOS',1000001);
insert into product (product_id, material_name, description, quantity_available, quantity_unit, warehouse_id) values (100451,'BBCGE1847-00','Bristle Roller:22/25/28*50',100,'NOS',1000001);
insert into product (product_id, material_name, description, quantity_available, quantity_unit, warehouse_id) values (100452,'BBCGE1848-00','Bristle Roller:22/25/28*100',100,'NOS',1000001);
insert into product (product_id, material_name, description, quantity_available, quantity_unit, warehouse_id) values (100453,'BBCGE1849-00','Bristle Roller:22/25/28*150',100,'NOS',1000001);
insert into product (product_id, material_name, description, quantity_available, quantity_unit, warehouse_id) values (100454,'BBCGE1850-00','Bristle handle',100,'NOS',1000001);
insert into product (product_id, material_name, description, quantity_available, quantity_unit, warehouse_id) values (100455,'BBCGE1851-00','Wool Roller WR-3 7',100,'NOS',1000001);
insert into product (product_id, material_name, description, quantity_available, quantity_unit, warehouse_id) values (100456,'BBCGE1852-00','Wool Roller WR-3 9',100,'NOS',1000001);
insert into product (product_id, material_name, description, quantity_available, quantity_unit, warehouse_id) values (100457,'BBCGE1853-00','handle',100,'NOS',1000001);
insert into product (product_id, material_name, description, quantity_available, quantity_unit, warehouse_id) values (100458,'BBCGE1854-00','Wool Roller WR-4 7',100,'NOS',1000001);
insert into product (product_id, material_name, description, quantity_available, quantity_unit, warehouse_id) values (100459,'BBCGE1855-00','White coverall',100,'EACH',1000001);
insert into product (product_id, material_name, description, quantity_available, quantity_unit, warehouse_id) values (100460,'BBCGE1856-00','Combination Mat 600/300',100,'KG',1000001);
insert into product (product_id, material_name, description, quantity_available, quantity_unit, warehouse_id) values (100461,'BBCGE1857-00','Hand Cleaner',100,'NOS',1000001);
insert into product (product_id, material_name, description, quantity_available, quantity_unit, warehouse_id) values (100462,'BBCGE1858-00','Corner Foam',100,'EACH',1000001);
insert into product (product_id, material_name, description, quantity_available, quantity_unit, warehouse_id) values (100463,'BBCGE1859-00','SA-PINE - CRATING',100,'EACH',1000001);
insert into product (product_id, material_name, description, quantity_available, quantity_unit, warehouse_id) values (100464,'BBCGE1860-00','Packaging Straps(Roll) - Chin strap Elas',100,'NOS',1000001);
insert into product (product_id, material_name, description, quantity_available, quantity_unit, warehouse_id) values (100465,'BBCGE1861-00','Armguard 40cm leather',100,'NOS',1000001);
insert into product (product_id, material_name, description, quantity_available, quantity_unit, warehouse_id) values (100466,'BBCGE1862-00','Belt Kidney Elasticised',100,'NOS',1000001);
insert into product (product_id, material_name, description, quantity_available, quantity_unit, warehouse_id) values (100467,'BBCGE1863-00','IN EXT CORE PALLET WRAP',100,'ROLL',1000001);
insert into product (product_id, material_name, description, quantity_available, quantity_unit, warehouse_id) values (100468,'BBCGE1864-00','Head strap attachement 3m 6000 series',100,'NOS',1000001);
insert into product (product_id, material_name, description, quantity_available, quantity_unit, warehouse_id) values (100469,'BBCGE1865-00','Cap Vikela W/Lining',100,'EA',1000001);
insert into product (product_id, material_name, description, quantity_available, quantity_unit, warehouse_id) values (100470,'BBCGE1866','Sanding Belt',100,'EA',1000001);
insert into product (product_id, material_name, description, quantity_available, quantity_unit, warehouse_id) values (100471,'BBCGE1867-00','Earmuff',100,'EA',1000001);
insert into product (product_id, material_name, description, quantity_available, quantity_unit, warehouse_id) values (100472,'BBCGE1868-00','Rain Coat',100,'EA',1000001);
insert into product (product_id, material_name, description, quantity_available, quantity_unit, warehouse_id) values (100473,'BBCGE1869-00','Knee Guard',100,'UNKNOWN',1000001);
insert into product (product_id, material_name, description, quantity_available, quantity_unit, warehouse_id) values (100474,'BBCGE1870-00','Tack Rags',100,'UNKNOWN',1000001);
insert into product (product_id, material_name, description, quantity_available, quantity_unit, warehouse_id) values (100475,'BBCGE1871-00','Blade H/D trim stanley 100 s',100,'BOX',1000001);
insert into product (product_id, material_name, description, quantity_available, quantity_unit, warehouse_id) values (100476,'BBCGE1884-00','Buckle 1000 per bag',100,'BAG',1000001);
insert into product (product_id, material_name, description, quantity_available, quantity_unit, warehouse_id) values (100477,'BBCGE1886-00','Reflective tape on arms & Legs',100,'UNKNOWN',1000001);
insert into product (product_id, material_name, description, quantity_available, quantity_unit, warehouse_id) values (100478,'BBCGE1890-00','Apron PVC 400 gram',100,'UNKNOWN',1000001);
insert into product (product_id, material_name, description, quantity_available, quantity_unit, warehouse_id) values (100479,'BBCGE1891-00','150mm Roller long pile G/Fibre',100,'UNKNOWN',1000001);
insert into product (product_id, material_name, description, quantity_available, quantity_unit, warehouse_id) values (100480,'BBCGE1892-00','100mmx21mm Alumunium paddle roller',100,'UNKNOWN',1000001);
insert into product (product_id, material_name, description, quantity_available, quantity_unit, warehouse_id) values (100481,'BBCGE1893-00','Conduit PVC 20mmx4mtr',100,'UNKNOWN',1000001);
insert into product (product_id, material_name, description, quantity_available, quantity_unit, warehouse_id) values (100482,'BBCGE1894-00','Eyewash Fluid',100,'UNKNOWN',1000001);
insert into product (product_id, material_name, description, quantity_available, quantity_unit, warehouse_id) values (100483,'BBCGE1895-00','Roller 6x50',100,'UNKNOWN',1000001);
insert into product (product_id, material_name, description, quantity_available, quantity_unit, warehouse_id) values (100484,'BBCGE1900-00','GREY LOCAL PAINT FOR : BRACKETS',100,'UNKNOWN',1000001);
insert into product (product_id, material_name, description, quantity_available, quantity_unit, warehouse_id) values (100485,'BBCGE1901-00','M6 Blind Knurld Inserts',100,'UNKNOWN',1000001);
insert into product (product_id, material_name, description, quantity_available, quantity_unit, warehouse_id) values (100486,'BBCGE1902-00','Jacket Flame Acid',100,'NOS',1000001);
insert into product (product_id, material_name, description, quantity_available, quantity_unit, warehouse_id) values (100487,'BBCGE1903-00','Trouser Flame Acid',100,'NOS',1000001);
insert into product (product_id, material_name, description, quantity_available, quantity_unit, warehouse_id) values (100488,'BBCGE1990-00','PEARL WHITE PAINT FOR BRACKETS',100,'UNKNOWN',1000001);
insert into product (product_id, material_name, description, quantity_available, quantity_unit, warehouse_id) values (100489,'BBCGE2530-00','Adhesive - Bondchem PU40FC',100,'NOS',1000001);
insert into product (product_id, material_name, description, quantity_available, quantity_unit, warehouse_id) values (100490,'BBCGE3150-00','P800 Sanding Disc',100,'NOS',1000001);
insert into product (product_id, material_name, description, quantity_available, quantity_unit, warehouse_id) values (100491,'BBCHW0094-00','HEX SOCKET BUTTON HEAD SS 304 ISO 7380 M',100,'UNKNOWN',1000001);
insert into product (product_id, material_name, description, quantity_available, quantity_unit, warehouse_id) values (100492,'BBCHW0517-00','BOLT HEX HEAD M6X25 MM SS 304 DIN933',100,'NOS',1000001);
insert into product (product_id, material_name, description, quantity_available, quantity_unit, warehouse_id) values (100493,'BBCHW0539-00','BOLT HEX HEAD M8X30 MM SS 304 DIN 933',100,'UNKNOWN',1000001);
insert into product (product_id, material_name, description, quantity_available, quantity_unit, warehouse_id) values (100494,'BBCHW0580-00','NUT HEX M6 SS 304 DIN 934',100,'NOS',1000001);
insert into product (product_id, material_name, description, quantity_available, quantity_unit, warehouse_id) values (100495,'BBCHW1164-00','WASHER 3D DIA 6X18 MM SS 304 DIN9021',100,'NOS',1000001);
insert into product (product_id, material_name, description, quantity_available, quantity_unit, warehouse_id) values (100496,'BBCHW1221-01','CAGE NUT M6  GRIP RANGE 2.6-3.5MM  SS/A2',100,'UNKNOWN',1000001);
insert into product (product_id, material_name, description, quantity_available, quantity_unit, warehouse_id) values (100497,'BBCHW1233-00','BOLT HEX HEAD M6X16 MM SS 304 DIN933',100,'NOS',1000001);
insert into product (product_id, material_name, description, quantity_available, quantity_unit, warehouse_id) values (100498,'BBCHW1494-00','BOX SECTION RETANGULAR 20X10X2MM THK X6m',100,'NOS',1000001);
insert into product (product_id, material_name, description, quantity_available, quantity_unit, warehouse_id) values (100499,'BBCHW1577-00','WASHER COUNTERSUNK M5-16-1.2 SS 304',100,'NOS',1000001);
insert into product (product_id, material_name, description, quantity_available, quantity_unit, warehouse_id) values (100500,'BBCHW1600-00','WASHER CONICAL SPRING SERRATED M5X12  NF',100,'UNKNOWN',1000001);
insert into product (product_id, material_name, description, quantity_available, quantity_unit, warehouse_id) values (100501,'BBCHW1612-00','3D WASHER M6 SS304 DIN 9021',100,'NOS',1000001);
insert into product (product_id, material_name, description, quantity_available, quantity_unit, warehouse_id) values (100502,'BBCHW1616-00','CS WASHER M8',100,'NOS',1000001);
insert into product (product_id, material_name, description, quantity_available, quantity_unit, warehouse_id) values (100503,'BBCHW1710-00','SCREW HEX SOCKET BUTTON HEAD M4X15 SS 30',100,'UNKNOWN',1000001);
insert into product (product_id, material_name, description, quantity_available, quantity_unit, warehouse_id) values (100504,'BBCHW1743-00','BOLT HEX M6X25 PROPERTY CLASS 8.8 DIN',100,'NOS',1000001);
insert into product (product_id, material_name, description, quantity_available, quantity_unit, warehouse_id) values (100505,'BBCHW1767-00','BOLT HEX HEAD M8X30 A2-70 EN ISO 4017',100,'NOS',1000001);
insert into product (product_id, material_name, description, quantity_available, quantity_unit, warehouse_id) values (100506,'BBCHW1769-00','NUT HEX M6 A2-70 EN ISO 4032',100,'NOS',1000001);
insert into product (product_id, material_name, description, quantity_available, quantity_unit, warehouse_id) values (100507,'BBCHW1824-00','STAINLESS STEEL CAGE AND N # 46/M06XCX83',100,'NOS',1000001);
insert into product (product_id, material_name, description, quantity_available, quantity_unit, warehouse_id) values (100508,'BBCHW1827-02','CAGE NUT SIMAF REF46-M08XBX123 1.8-3.2mm',100,'NOS',1000001);
insert into product (product_id, material_name, description, quantity_available, quantity_unit, warehouse_id) values (100509,'BBCHW1836-00','SCREW BUTTON HEAD M4X15 MM SS 304',100,'NOS',1000001);
insert into product (product_id, material_name, description, quantity_available, quantity_unit, warehouse_id) values (100510,'BBCHW1858-00','HEXAGONAL BOLT M6X20 DIN ISO 4017 A2-70',100,'NOS',1000001);
insert into product (product_id, material_name, description, quantity_available, quantity_unit, warehouse_id) values (100511,'BBCHW1970-00','FLAT WASHER M6 X18MM OD 1MM THICK A2',100,'NOS',1000001);
insert into product (product_id, material_name, description, quantity_available, quantity_unit, warehouse_id) values (100512,'BBCHW2004-00','HEX BOLT M8X25 EN PROPERTY CLASS A2-70',100,'NOS',1000001);
insert into product (product_id, material_name, description, quantity_available, quantity_unit, warehouse_id) values (100513,'BBCHW2119-00','WASHER VISTOP FOR SCREW DIA 6',100,'NOS',1000001);
insert into product (product_id, material_name, description, quantity_available, quantity_unit, warehouse_id) values (100514,'BBCHW2214-00','SERRATED CS CONTACT WASHER M6 /6.1/14 A2',100,'NOS',1000001);
insert into product (product_id, material_name, description, quantity_available, quantity_unit, warehouse_id) values (100515,'BBCHW2276-00','CS WASHER M4 DIN 6796',100,'NOS',1000001);
insert into product (product_id, material_name, description, quantity_available, quantity_unit, warehouse_id) values (100516,'BBCHW2643-01','CAGE NUT SIMAF REF46-M06XBX83 1.7-2.5mm',100,'NOS',1000001);
insert into product (product_id, material_name, description, quantity_available, quantity_unit, warehouse_id) values (100517,'BBCHW2644-00','SCREW INV CHC.ISO7380-M6X20 SS304',100,'NOS',1000001);
insert into product (product_id, material_name, description, quantity_available, quantity_unit, warehouse_id) values (100518,'BBCHW2651-00','BIGHEAD 38X15MM RECTNGLR ST38-M4-HEX',100,'NOS',1000001);
insert into product (product_id, material_name, description, quantity_available, quantity_unit, warehouse_id) values (100519,'BBCHW2652-00','BIGHEAD 38X12MM RECTNGLR ST38-M5-HEX',100,'NOS',1000001);
insert into product (product_id, material_name, description, quantity_available, quantity_unit, warehouse_id) values (100520,'BBCHW2653-00','BIGHEAD 38X15MM RECTNGLR ST38-M6-HEX',100,'NOS',1000001);
insert into product (product_id, material_name, description, quantity_available, quantity_unit, warehouse_id) values (100521,'BBCHW2715-00','CAGE NUT M8-1.8-3.2 SIMAF REF#46/M08XBX1',100,'UNKNOWN',1000001);
insert into product (product_id, material_name, description, quantity_available, quantity_unit, warehouse_id) values (100522,'BBCHW2720-00','SCREW HEXAGON M6X25-8.8 ISO4017',100,'UNKNOWN',1000001);
insert into product (product_id, material_name, description, quantity_available, quantity_unit, warehouse_id) values (100523,'BBCHW2721-00','WASHER 1-6-200HV ISO7093 STEEL',100,'NOS',1000001);
insert into product (product_id, material_name, description, quantity_available, quantity_unit, warehouse_id) values (100524,'BBCHW2722-00','NUT HEXAGON M6-8 ISO4032',100,'NOS',1000001);
insert into product (product_id, material_name, description, quantity_available, quantity_unit, warehouse_id) values (100525,'BBCHW2723-00','SCREW INV CHC.ISO7380 M6X16-A2-70',100,'NOS',1000001);
insert into product (product_id, material_name, description, quantity_available, quantity_unit, warehouse_id) values (100526,'BBCHW2788-00','NUT HEX M4  DIN 934 / ISO 4032  A2-70',100,'UNKNOWN',1000001);
insert into product (product_id, material_name, description, quantity_available, quantity_unit, warehouse_id) values (100527,'BBCHW2885-00','NUT H.ISO4032-M4-8 SS304-REV-00',100,'NOS',1000001);
insert into product (product_id, material_name, description, quantity_available, quantity_unit, warehouse_id) values (100528,'BBCHW2908-00','WASHER ISO7089-M8-200HV-STEEL SS 304',100,'NOS',1000001);
insert into product (product_id, material_name, description, quantity_available, quantity_unit, warehouse_id) values (100529,'BBCHW2939-00','SCREW H.ISO4017-M5X20',100,'NOS',1000001);
insert into product (product_id, material_name, description, quantity_available, quantity_unit, warehouse_id) values (100530,'BBCHW2952-00','SCREW H.ISO4017-M5X20 A2-70',100,'NOS',1000001);
insert into product (product_id, material_name, description, quantity_available, quantity_unit, warehouse_id) values (100531,'BBCHW3303-00','SCREW INVCHCISO7380 M6X16-A2-70 PHBM0620',100,'NOS',1000001);
insert into product (product_id, material_name, description, quantity_available, quantity_unit, warehouse_id) values (100532,'BBCRM0348-00','THINNER X337 DL3051',100,'LTR',1000001);
insert into product (product_id, material_name, description, quantity_available, quantity_unit, warehouse_id) values (100533,'BBCRM0358-00','LOCTITE 222 THREAD LOCKER LOW (PURPLE)',100,'NOS',1000001);
insert into product (product_id, material_name, description, quantity_available, quantity_unit, warehouse_id) values (100534,'BBGAS0055-00','TEROSON MS 939 290ML BLACK 12 per box',100,'GMS',1000001);
insert into product (product_id, material_name, description, quantity_available, quantity_unit, warehouse_id) values (100535,'BBGGE0097-00','MASKING/JAPAN TAPE YK VINYMASKER # 210 3',100,'UNKNOWN',1000001);
insert into product (product_id, material_name, description, quantity_available, quantity_unit, warehouse_id) values (100536,'BBGGE2378-00','ORING LJF 121705 21.82X 3.53 MM PC851',100,'NOS',1000001);
insert into product (product_id, material_name, description, quantity_available, quantity_unit, warehouse_id) values (100537,'BBGHW0050-00','RIVET DOME HEAD BLIND DIA 4.8 X 16 MM',100,'NOS',1000001);
insert into product (product_id, material_name, description, quantity_available, quantity_unit, warehouse_id) values (100538,'BBGRM0007-00','LOCTITE 496 ( 20 gms)',100,'GMS',1000001);
insert into product (product_id, material_name, description, quantity_available, quantity_unit, warehouse_id) values (100539,'BBRMD0001-00','SMC READY MIX RAW MATERIALS',100,'BTH',1000001);
insert into product (product_id, material_name, description, quantity_available, quantity_unit, warehouse_id) values (100540,'BBRRM0001-00','RTM Woven Roven -900GRM',100,'KG',1000001);
insert into product (product_id, material_name, description, quantity_available, quantity_unit, warehouse_id) values (100541,'BBRRM0120-00','CHOPPED STRAND MAT 300gm per m2',100,'KG',1000001);
insert into product (product_id, material_name, description, quantity_available, quantity_unit, warehouse_id) values (100542,'BBRRM0121-00','CHOPPED STRAND MAT 450gm per m2',100,'KG',1000001);
insert into product (product_id, material_name, description, quantity_available, quantity_unit, warehouse_id) values (100543,'BBRRM0176-00','Rubbing - Forecla Rubbing Compound (FAR0',100,'NOS',1000001);
insert into product (product_id, material_name, description, quantity_available, quantity_unit, warehouse_id) values (100544,'BBRRM0177-00','Compound - Profile Select Compound PRS1',100,'NOS',1000001);
insert into product (product_id, material_name, description, quantity_available, quantity_unit, warehouse_id) values (100545,'BBRRM0178-00','Wax - M9 Carnet Farcla G3 Wax (FAR238)',100,'NOS',1000001);
insert into product (product_id, material_name, description, quantity_available, quantity_unit, warehouse_id) values (100546,'BBRRM0179-00','Farecla -Profile Extra Cut-Paste Compoun',100,'NOS',1000001);
insert into product (product_id, material_name, description, quantity_available, quantity_unit, warehouse_id) values (100547,'BBRRM0319-00','Mould release paste wax - (mirror glaze',100,'NOS',1000001);
insert into product (product_id, material_name, description, quantity_available, quantity_unit, warehouse_id) values (100548,'BBRRM0565-00','FR RESIN RTM (DION F/R PX 840-338)',100,'KG',1000001);
insert into product (product_id, material_name, description, quantity_available, quantity_unit, warehouse_id) values (100549,'BBRRM0636-00','BIAXIAL FABRIC STICHED 0-90 600gm per m2',100,'KG',1000001);
insert into product (product_id, material_name, description, quantity_available, quantity_unit, warehouse_id) values (100550,'BBRRM0881-00','ADHESIVE SG 305 A  ITEM # 30487',100,'KG',1000001);
insert into product (product_id, material_name, description, quantity_available, quantity_unit, warehouse_id) values (100551,'BBRRM0882-00','ACTIVATOR SS 605 B BLACK PAIL 22 KG NETT',100,'LTR',1000001);
insert into product (product_id, material_name, description, quantity_available, quantity_unit, warehouse_id) values (100552,'BBRRM1030-00','PP06013CM-FAUSSE TEINTE 823-7-302',100,'LTR',1000001);
insert into product (product_id, material_name, description, quantity_available, quantity_unit, warehouse_id) values (100553,'BBRRM1031-00','CP06003-DURCISSEUR 857-0-332',100,'LTR',1000001);
insert into product (product_id, material_name, description, quantity_available, quantity_unit, warehouse_id) values (100554,'BBRRM1297-00','Chemlease mold cleaner ez (5 liter can =',100,'NOS',1000001);
insert into product (product_id, material_name, description, quantity_available, quantity_unit, warehouse_id) values (100555,'BBRRM1359-00','DUS70134C CP06011 DURCISSEUR 32DT12M',100,'LTR',1000001);
insert into product (product_id, material_name, description, quantity_available, quantity_unit, warehouse_id) values (100556,'BBRRM1498-00','I-SPRING CORE 2N300PS15 300gm RTM MAT',100,'KG',1000001);
insert into product (product_id, material_name, description, quantity_available, quantity_unit, warehouse_id) values (100557,'BBRRM1499-00','I-SPRING CORE 2N450PS15 450cm RTM MAT',100,'KG',1000001);
insert into product (product_id, material_name, description, quantity_available, quantity_unit, warehouse_id) values (100558,'BBRRM1676-00','I-SPRING CORE 2N200PS15 1270mm 200gm',100,'KG',1000001);
insert into product (product_id, material_name, description, quantity_available, quantity_unit, warehouse_id) values (100559,'BBRRM1718-00','BOSTIK SIMSON ISR 70-08 290ML TUBE',100,'ML',1000001);
insert into product (product_id, material_name, description, quantity_available, quantity_unit, warehouse_id) values (100560,'BBRRM1879-00','TOPCOAT PUS25871G GRIS R90B GLOSS 30/50',100,'LTR',1000001);
insert into product (product_id, material_name, description, quantity_available, quantity_unit, warehouse_id) values (100561,'BBRRM1880-00','TOP COAT PUS25744K NOIR NCS S8505 R80B',100,'LTR',1000001);
insert into product (product_id, material_name, description, quantity_available, quantity_unit, warehouse_id) values (100562,'BBRRM1881-00','GRIS PEARL M3686_SMC PAINT',100,'LTR',1000001);
insert into product (product_id, material_name, description, quantity_available, quantity_unit, warehouse_id) values (100563,'BBRRM1882-00','TOP COAT PUS25879G GRIS S7010 R90B',100,'LTR',1000001);
insert into product (product_id, material_name, description, quantity_available, quantity_unit, warehouse_id) values (100564,'BBRRM1883-00','BASE COAT PUS40553K NOIR RAL9005 T1555',100,'LTR',1000001);
insert into product (product_id, material_name, description, quantity_available, quantity_unit, warehouse_id) values (100565,'BBRRM1884-00','BASE COAT PUS40687B NCS S1565 B M2365',100,'LTR',1000001);
insert into product (product_id, material_name, description, quantity_available, quantity_unit, warehouse_id) values (100566,'BBRRM1885-00','BASE COAT PUS40690W BLANC RDS0009000',100,'LTR',1000001);
insert into product (product_id, material_name, description, quantity_available, quantity_unit, warehouse_id) values (100567,'BBRRM1886-00','VERNIS PUS50077C-JA06001VF-BECKRYCOT',100,'LTR',1000001);
insert into product (product_id, material_name, description, quantity_available, quantity_unit, warehouse_id) values (100568,'BBRRM1887-00','BASE COAT DUS70130C/00002L',100,'LTR',1000001);
insert into product (product_id, material_name, description, quantity_available, quantity_unit, warehouse_id) values (100569,'BBRRM1893-00','NORPOL GELCOAT M1 GRADE GD 11008SEX3',100,'KG',1000001);
insert into product (product_id, material_name, description, quantity_available, quantity_unit, warehouse_id) values (100570,'BBRRM1961-00','PIR FOAM 2000MM X 1000MM X 20MM 80 KG/M3',100,'NOS',1000001);
insert into product (product_id, material_name, description, quantity_available, quantity_unit, warehouse_id) values (100571,'BBRRM1977-00','FOAM ONE SIDE ADHESIVE 10X10MM',100,'MTR',1000001);
insert into product (product_id, material_name, description, quantity_available, quantity_unit, warehouse_id) values (100572,'BBRRM2009-00','Foam 15x15 onesided Adhesive AMM70',100,'MTR',1000001);
insert into product (product_id, material_name, description, quantity_available, quantity_unit, warehouse_id) values (100573,'BBRRM2010-00','JOINT MOUSSE CELLULAIRE ADHESIVE',100,'MTR',1000001);
insert into product (product_id, material_name, description, quantity_available, quantity_unit, warehouse_id) values (100574,'BBRRM2125-00','PIR FOAM SLAB 80KG m3 2mX1mX12mm density',100,'NOS',1000001);
insert into product (product_id, material_name, description, quantity_available, quantity_unit, warehouse_id) values (100575,'BBSMC0001-00','Martinal 904 ATH',100,'UNKNOWN',1000001);
insert into product (product_id, material_name, description, quantity_available, quantity_unit, warehouse_id) values (100576,'BBSMC0002-00','Martianal ON-310 /ATH Filler (Huber)',100,'UNKNOWN',1000001);
insert into product (product_id, material_name, description, quantity_available, quantity_unit, warehouse_id) values (100577,'BBSMC0003-00','NCS 989',100,'UNKNOWN',1000001);
insert into product (product_id, material_name, description, quantity_available, quantity_unit, warehouse_id) values (100578,'BBSMC0004-00','S1804/2 SMC Resin',100,'UNKNOWN',1000001);
insert into product (product_id, material_name, description, quantity_available, quantity_unit, warehouse_id) values (100579,'BBSMC0006-00','Calcium Stearate',100,'UNKNOWN',1000001);
insert into product (product_id, material_name, description, quantity_available, quantity_unit, warehouse_id) values (100580,'BBSMC0007-00','BYK 996 Wetting Agent',100,'UNKNOWN',1000001);
insert into product (product_id, material_name, description, quantity_available, quantity_unit, warehouse_id) values (100581,'BBSMC0008-00','BYK W 9010 kg',100,'UNKNOWN',1000001);
insert into product (product_id, material_name, description, quantity_available, quantity_unit, warehouse_id) values (100582,'BBSMC0009-00','Trigonox C Catalyst 25Kg',100,'UNKNOWN',1000001);
insert into product (product_id, material_name, description, quantity_available, quantity_unit, warehouse_id) values (100583,'BBSMC0012-00','Clear Packaging Tape pp331',100,'UNKNOWN',1000001);
insert into product (product_id, material_name, description, quantity_available, quantity_unit, warehouse_id) values (100584,'BBSMC0013-00','Woven Roving',100,'UNKNOWN',1000001);
insert into product (product_id, material_name, description, quantity_available, quantity_unit, warehouse_id) values (100585,'BBSMC0014-00','Plastic Bucket 2L',100,'UNKNOWN',1000001);
insert into product (product_id, material_name, description, quantity_available, quantity_unit, warehouse_id) values (100586,'BBSMC0015-00','Roller Long Pile G/Fibere 230mm',100,'UNKNOWN',1000001);
insert into product (product_id, material_name, description, quantity_available, quantity_unit, warehouse_id) values (100587,'BBSMC0016-00','Roller Long Pile G/Fibere 150mm',100,'UNKNOWN',1000001);
insert into product (product_id, material_name, description, quantity_available, quantity_unit, warehouse_id) values (100588,'BBSMC0017-00','Magnesium Oxide (MGO)',100,'UNKNOWN',1000001);
insert into product (product_id, material_name, description, quantity_available, quantity_unit, warehouse_id) values (100589,'BBSMC0018-00','Resin 208',100,'KG',1000001);
insert into product (product_id, material_name, description, quantity_available, quantity_unit, warehouse_id) values (100590,'BBSMC0019-00','Zinc Stearate',100,'KG',1000001);
insert into product (product_id, material_name, description, quantity_available, quantity_unit, warehouse_id) values (100591,'BBSMC0020-00','SMC PRESS-HEAT OIL (20L)',100,'_20L',1000001);
insert into product (product_id, material_name, description, quantity_available, quantity_unit, warehouse_id) values (100592,'BBSMC0021-00','SMC Press- Hydrolic Oil (20L)',100,'_20L',1000001);
insert into product (product_id, material_name, description, quantity_available, quantity_unit, warehouse_id) values (100593,'BBSMC1011-00','SMC Window Bracket - N000000056297/N0D00',100,'NOS',1000001);
insert into product (product_id, material_name, description, quantity_available, quantity_unit, warehouse_id) values (100594,'BBSMC1100-00','5L Plastic Buckets',100,'NOS',1000001);
insert into product (product_id, material_name, description, quantity_available, quantity_unit, warehouse_id) values (100595,'BBSMC1101-00','Plastic Bucket 20L with UDS',100,'UNKNOWN',1000001);
insert into product (product_id, material_name, description, quantity_available, quantity_unit, warehouse_id) values (100596,'BCGE1862-00','Belt Kidney Elasticised',100,'UNKNOWN',1000001);
insert into product (product_id, material_name, description, quantity_available, quantity_unit, warehouse_id) values (100597,'GARAGEPAPERROLL','Garage Paper Roll',100,'ROLL',1000001);
insert into product (product_id, material_name, description, quantity_available, quantity_unit, warehouse_id) values (100598,'HACK0001','Hacksaw - Hacksaw Blades',100,'NOS',1000001);
insert into product (product_id, material_name, description, quantity_available, quantity_unit, warehouse_id) values (100599,'HACK0002','Hacksaw - Hacksaw Frame',100,'NOS',1000001);
insert into product (product_id, material_name, description, quantity_available, quantity_unit, warehouse_id) values (100600,'LUBR0001','Lubricant - WD40',100,'LTR',1000001);
insert into product (product_id, material_name, description, quantity_available, quantity_unit, warehouse_id) values (100601,'RA0098A0001-00','CHEMLEASE #15 MOLD SEALER USG',100,'NOS',1000001);
insert into product (product_id, material_name, description, quantity_available, quantity_unit, warehouse_id) values (100602,'RA0105A0000-00','Chem PMR 41/90 USG Release Agent',100,'NOS',1000001);
insert into product (product_id, material_name, description, quantity_available, quantity_unit, warehouse_id) values (100603,'SCRA0001','Scraper - Plastic Scraper',100,'NOS',1000001);



-- SQL
-- UPDATE Product_id_sequence SET next_val = 100011;
-- H2
ALTER sequence product_id_sequence restart with 100604;

------------------ Product Order data  ------------------
insert into product_order (product_order_id, quantity, price_per_unit, quality_check, order_status, delivery_date, manufacture_date, expiry_date, ordered_on, distributor_id,  product_id) values (100001,80, 100,'Passed', 'Processing', '2020-12-12', '2019-05-13', '2025-09-09', '2020-09-09', 1000001, 100001);
insert into product_order (product_order_id, quantity, price_per_unit, quality_check, order_status, delivery_date, manufacture_date, expiry_date, ordered_on, distributor_id,  product_id) values (100002, 99, 2000,'Passed', 'Delivered', '2020-09-12', '2019-05-13', '2025-09-09', '2020-09-09', 1000001, 100001);
insert into product_order (product_order_id, quantity, price_per_unit, quality_check, order_status, delivery_date, manufacture_date, expiry_date, ordered_on, distributor_id,  product_id) values (100003, 87, 10000,'Passed', 'Delivered', '2020-09-15', '2019-05-13', '2025-09-09', '2020-09-09', 1000002, 100002);
insert into product_order (product_order_id, quantity, price_per_unit, quality_check, order_status, delivery_date, manufacture_date, expiry_date, ordered_on, distributor_id,  product_id) values (100004, 55, 3000,'Passed', 'Delivered', '2020-09-12', '2020-01-01', '2023-10-10', '2020-10-22', 1000002, 100002);
insert into product_order (product_order_id, quantity, price_per_unit, quality_check, order_status, delivery_date, manufacture_date, expiry_date, ordered_on, distributor_id,  product_id) values (100005, 30, 2000,'Failed', 'Delivered', '2020-09-19', '2020-01-01', '2025-09-09', '2020-10-22', 1000003, 100003);
insert into product_order (product_order_id, quantity, price_per_unit, quality_check, order_status, delivery_date, manufacture_date, expiry_date, ordered_on, distributor_id,  product_id) values (100006, 200, 88, 'Failed', 'Processing', '2020-12-12', '2020-01-01', '2023-10-10', '2020-09-12', 1000003, 100003);
insert into product_order (product_order_id, quantity, price_per_unit, quality_check, order_status, delivery_date, manufacture_date, expiry_date, ordered_on, distributor_id,  product_id) values (100007, 977, 90, 'Passed', 'Processing', '2020-12-12', '2019-12-12', '2025-09-09', '2020-10-22', 1000004, 100004);
insert into product_order (product_order_id, quantity, price_per_unit, quality_check, order_status, delivery_date, manufacture_date, expiry_date, ordered_on, distributor_id,  product_id) values (100008, 555, 800, 'Passed', 'Processing', '2020-12-16', '2020-02-02', '2023-10-10', '2020-10-22', 1000004, 100004);
insert into product_order (product_order_id, quantity, price_per_unit, quality_check, order_status, delivery_date, manufacture_date, expiry_date, ordered_on, distributor_id,  product_id) values (100009, 444, 90, 'Passed', 'Cancelled', '2020-05-12', '2020-02-02', '2023-10-10', '2020-09-12', 1000005, 100005);
insert into product_order (product_order_id, quantity, price_per_unit, quality_check, order_status, delivery_date, manufacture_date, expiry_date, ordered_on, distributor_id,  product_id) values (100010, 333, 900,'Passed', 'Cancelled', '2020-05-12', '2020-02-02', '2023-10-10', '2020-09-12', 1000005, 100005);

-- SQL
-- UPDATE Product_id_sequence SET next_val = 100011;
-- H2
ALTER sequence product_order_id_sequence restart with 100011;



